Crop_Type,NDVI,Yield
Wheat,0.735,4.84
Wheat,0.64,4.12
Wheat,0.543,3.25
Wheat,0.451,3.0
Wheat,0.775,5.05
Wheat,0.431,2.6
Wheat,0.464,3.04
Wheat,0.42,2.61
Wheat,0.61,4.04
Wheat,0.429,2.54
Wheat,0.543,3.46
Wheat,0.464,3.07
Wheat,0.704,4.45
Wheat,0.627,3.58
Wheat,0.454,2.78
Wheat,0.536,3.24
Wheat,0.69,4.71
Wheat,0.747,4.73
Wheat,0.434,2.63
Wheat,0.53,3.08
Wheat,0.797,5.3
Wheat,0.584,4.16
Wheat,0.819,5.5
Wheat,0.441,2.67
Wheat,0.559,3.61
Wheat,0.594,3.89
Wheat,0.582,3.54
Wheat,0.739,4.42
Wheat,0.684,4.3
Wheat,0.594,3.52
Wheat,0.633,4.16
Wheat,0.495,3.09
Wheat,0.52,3.38
Wheat,0.557,3.62
Wheat,0.55,3.45
Wheat,0.457,3.29
Wheat,0.773,4.77
Wheat,0.831,5.39
Wheat,0.649,4.41
Wheat,0.556,3.6
Wheat,0.837,5.46
Wheat,0.616,3.94
Wheat,0.662,4.4
Wheat,0.747,4.46
Wheat,0.62,4.06
Wheat,0.77,5.09
Wheat,0.423,2.5
Wheat,0.445,2.64
Wheat,0.83,5.26
Wheat,0.514,2.76
Wheat,0.693,4.54
Wheat,0.414,2.5
Wheat,0.537,3.52
Wheat,0.637,3.69
Wheat,0.739,4.5
Wheat,0.542,3.31
Wheat,0.465,2.92
Wheat,0.832,5.28
Wheat,0.807,5.24
Wheat,0.528,3.47
Wheat,0.824,5.42
Wheat,0.607,3.93
Wheat,0.753,5.05
Wheat,0.472,3.02
Wheat,0.821,5.18
Wheat,0.659,4.19
Wheat,0.631,4.12
Wheat,0.585,3.94
Wheat,0.619,3.97
Wheat,0.423,3.12
Wheat,0.495,3.13
Wheat,0.791,5.06
Wheat,0.692,4.42
Wheat,0.611,3.69
Wheat,0.818,5.1
Wheat,0.578,3.46
Wheat,0.481,3.07
Wheat,0.664,4.03
Wheat,0.763,4.81
Wheat,0.606,4.03
Wheat,0.643,4.22
Wheat,0.623,3.76
Wheat,0.8,5.14
Wheat,0.505,3.29
Wheat,0.761,4.94
Wheat,0.477,3.08
Wheat,0.694,4.11
Wheat,0.523,3.76
Wheat,0.805,5.36
Wheat,0.457,2.5
Wheat,0.635,4.55
Wheat,0.736,4.79
Wheat,0.697,4.51
Wheat,0.728,4.86
Wheat,0.566,3.45
Wheat,0.461,2.87
Wheat,0.777,5.11
Wheat,0.764,5.08
Wheat,0.732,4.94
Wheat,0.424,2.68
Wheat,0.701,4.59
Wheat,0.757,4.67
Wheat,0.675,4.43
Wheat,0.525,3.05
Wheat,0.467,3.12
Wheat,0.458,3.02
Wheat,0.567,3.6
Wheat,0.429,2.56
Wheat,0.474,2.92
Wheat,0.833,5.45
Wheat,0.552,3.48
Wheat,0.432,2.5
Wheat,0.786,5.21
Wheat,0.523,3.13
Wheat,0.835,5.46
Wheat,0.678,4.41
Wheat,0.585,3.88
Wheat,0.725,4.57
Wheat,0.638,4.11
Wheat,0.702,4.7
Wheat,0.726,4.56
Wheat,0.51,3.46
Wheat,0.412,2.5
Wheat,0.791,4.99
Wheat,0.574,3.97
Wheat,0.523,3.47
Wheat,0.469,3.0
Wheat,0.557,3.29
Wheat,0.654,4.02
Wheat,0.695,4.13
Wheat,0.518,3.47
Wheat,0.702,4.52
Wheat,0.474,3.15
Wheat,0.517,3.31
Wheat,0.583,3.68
Wheat,0.744,4.87
Wheat,0.673,3.98
Wheat,0.777,4.94
Wheat,0.827,5.28
Wheat,0.724,4.68
Wheat,0.452,2.82
Wheat,0.68,4.38
Wheat,0.648,4.2
Wheat,0.626,4.16
Wheat,0.564,3.77
Wheat,0.436,2.5
Wheat,0.487,3.12
Wheat,0.69,4.29
Wheat,0.749,5.1
Wheat,0.549,3.37
Wheat,0.429,2.97
Wheat,0.465,2.73
Wheat,0.668,4.32
Wheat,0.611,4.22
Wheat,0.652,4.34
Wheat,0.785,5.0
Wheat,0.751,5.23
Wheat,0.624,4.08
Wheat,0.529,3.4
Wheat,0.661,4.62
Wheat,0.814,5.19
Wheat,0.537,3.48
Wheat,0.54,3.64
Wheat,0.536,3.36
Wheat,0.519,3.12
Wheat,0.45,3.04
Wheat,0.511,3.53
Wheat,0.509,3.18
Wheat,0.741,4.74
Wheat,0.416,2.57
Wheat,0.404,2.5
Wheat,0.809,5.15
Wheat,0.745,4.83
Wheat,0.48,2.93
Wheat,0.832,5.36
Wheat,0.68,4.46
Wheat,0.694,4.27
Wheat,0.819,5.48
Wheat,0.52,3.1
Wheat,0.643,3.63
Wheat,0.772,5.0
Wheat,0.514,3.59
Wheat,0.665,4.3
Wheat,0.456,2.62
Wheat,0.417,2.5
Wheat,0.495,2.75
Wheat,0.554,3.44
Wheat,0.647,3.98
Wheat,0.819,5.5
Wheat,0.66,4.54
Wheat,0.833,5.5
Wheat,0.59,4.34
Wheat,0.469,2.91
Wheat,0.655,4.22
Wheat,0.833,5.36
Wheat,0.45,2.53
Wheat,0.474,2.91
Wheat,0.803,5.44
Wheat,0.448,3.04
Wheat,0.831,5.5
Wheat,0.812,5.21
Wheat,0.452,2.86
Wheat,0.489,3.14
Wheat,0.543,3.41
Wheat,0.62,4.13
Wheat,0.511,3.26
Wheat,0.577,3.41
Wheat,0.801,4.76
Wheat,0.73,4.57
Wheat,0.709,4.42
Wheat,0.406,2.5
Wheat,0.432,2.85
Wheat,0.742,4.91
Wheat,0.678,4.34
Wheat,0.405,2.51
Wheat,0.612,3.64
Wheat,0.666,4.09
Wheat,0.607,3.91
Wheat,0.404,2.58
Wheat,0.712,4.79
Wheat,0.605,3.8
Wheat,0.407,2.57
Wheat,0.814,5.13
Wheat,0.847,5.28
Wheat,0.726,4.71
Wheat,0.488,3.29
Wheat,0.673,4.4
Wheat,0.807,5.05
Wheat,0.606,3.88
Wheat,0.755,5.24
Wheat,0.599,3.54
Wheat,0.849,5.5
Wheat,0.597,4.08
Wheat,0.831,5.07
Wheat,0.574,3.82
Wheat,0.534,3.22
Wheat,0.458,2.66
Wheat,0.595,3.66
Wheat,0.669,4.31
Wheat,0.624,3.72
Wheat,0.801,5.41
Wheat,0.736,5.08
Wheat,0.487,3.26
Wheat,0.445,3.11
Wheat,0.727,4.37
Wheat,0.759,4.82
Wheat,0.514,3.2
Wheat,0.693,4.34
Wheat,0.516,3.17
Wheat,0.766,5.23
Wheat,0.473,2.97
Wheat,0.764,4.73
Wheat,0.567,3.8
Wheat,0.67,3.98
Wheat,0.831,5.5
Wheat,0.751,4.98
Wheat,0.794,5.03
Wheat,0.49,2.91
Wheat,0.749,4.55
Wheat,0.608,4.14
Wheat,0.581,3.53
Wheat,0.668,4.47
Wheat,0.414,2.5
Wheat,0.717,4.6
Wheat,0.593,3.79
Wheat,0.433,2.78
Wheat,0.808,4.83
Wheat,0.732,4.67
Wheat,0.666,3.85
Wheat,0.5,3.08
Wheat,0.716,4.83
Wheat,0.699,4.59
Wheat,0.825,5.04
Wheat,0.612,3.82
Wheat,0.657,3.96
Wheat,0.829,5.4
Wheat,0.654,4.25
Wheat,0.646,4.1
Wheat,0.486,2.94
Wheat,0.792,5.31
Wheat,0.492,2.51
Wheat,0.827,5.33
Wheat,0.832,5.5
Wheat,0.671,4.29
Wheat,0.84,5.5
Wheat,0.764,4.95
Wheat,0.562,3.59
Wheat,0.543,3.77
Wheat,0.453,2.5
Wheat,0.693,4.1
Wheat,0.402,2.5
Wheat,0.74,5.06
Wheat,0.465,2.64
Wheat,0.414,2.59
Wheat,0.671,4.11
Wheat,0.708,4.57
Wheat,0.793,5.07
Wheat,0.626,4.12
Wheat,0.601,3.81
Wheat,0.699,4.38
Wheat,0.757,5.04
Wheat,0.514,3.44
Wheat,0.507,3.47
Wheat,0.63,4.02
Wheat,0.634,4.05
Wheat,0.729,4.91
Wheat,0.768,5.09
Wheat,0.796,5.5
Wheat,0.548,3.35
Wheat,0.771,5.16
Wheat,0.681,4.21
Wheat,0.609,3.93
Wheat,0.72,4.45
Wheat,0.421,2.79
Wheat,0.437,2.67
Wheat,0.419,2.58
Wheat,0.848,5.11
Wheat,0.524,3.54
Wheat,0.764,5.05
Wheat,0.739,4.59
Wheat,0.536,3.38
Wheat,0.574,3.7
Wheat,0.444,2.5
Wheat,0.564,3.54
Wheat,0.722,4.54
Wheat,0.628,4.26
Wheat,0.7,4.21
Wheat,0.582,3.53
Wheat,0.694,4.62
Wheat,0.75,4.98
Wheat,0.649,4.1
Wheat,0.647,4.27
Wheat,0.547,3.38
Wheat,0.831,5.1
Wheat,0.591,3.82
Wheat,0.638,4.09
Wheat,0.733,4.71
Wheat,0.845,5.5
Wheat,0.832,5.33
Wheat,0.437,3.24
Wheat,0.709,4.31
Wheat,0.527,3.44
Wheat,0.473,3.06
Wheat,0.73,4.85
Wheat,0.631,4.02
Wheat,0.404,2.58
Wheat,0.78,4.72
Wheat,0.462,2.73
Wheat,0.741,5.38
Wheat,0.558,3.24
Wheat,0.688,4.46
Wheat,0.449,3.06
Wheat,0.474,2.94
Wheat,0.85,5.5
Wheat,0.469,2.9
Wheat,0.692,4.46
Wheat,0.612,3.85
Wheat,0.445,2.56
Wheat,0.811,5.19
Wheat,0.69,4.49
Wheat,0.649,4.71
Wheat,0.748,4.95
Wheat,0.688,4.66
Wheat,0.575,4.04
Wheat,0.468,2.84
Wheat,0.693,4.43
Wheat,0.426,2.91
Wheat,0.44,2.5
Wheat,0.617,3.67
Wheat,0.665,4.28
Wheat,0.695,4.9
Wheat,0.483,3.16
Wheat,0.451,2.74
Wheat,0.783,5.04
Wheat,0.468,2.55
Wheat,0.704,4.21
Wheat,0.676,4.53
Wheat,0.823,5.36
Wheat,0.49,2.51
Wheat,0.696,4.6
Wheat,0.48,3.32
Wheat,0.779,4.99
Wheat,0.417,2.64
Wheat,0.666,4.35
Wheat,0.593,4.01
Wheat,0.539,3.34
Wheat,0.637,4.01
Wheat,0.696,4.45
Wheat,0.452,2.74
Wheat,0.839,5.5
Wheat,0.615,4.2
Wheat,0.453,2.91
Wheat,0.812,4.89
Wheat,0.47,2.78
Wheat,0.493,2.85
Wheat,0.681,4.49
Wheat,0.731,4.84
Wheat,0.593,4.08
Wheat,0.823,5.45
Wheat,0.775,4.77
Wheat,0.573,3.4
Wheat,0.67,4.18
Wheat,0.786,5.08
Wheat,0.789,5.07
Wheat,0.596,4.04
Wheat,0.606,3.93
Wheat,0.552,3.88
Wheat,0.756,4.66
Wheat,0.735,5.06
Wheat,0.488,2.97
Wheat,0.406,2.64
Wheat,0.846,5.5
Wheat,0.593,3.98
Wheat,0.8,5.25
Wheat,0.801,5.23
Wheat,0.718,4.77
Wheat,0.703,4.5
Wheat,0.666,4.27
Wheat,0.585,3.49
Wheat,0.404,2.68
Wheat,0.405,2.71
Wheat,0.776,5.1
Wheat,0.444,2.93
Wheat,0.701,4.75
Wheat,0.555,3.64
Wheat,0.639,3.84
Wheat,0.611,3.72
Wheat,0.462,2.87
Wheat,0.486,3.08
Wheat,0.777,4.88
Wheat,0.486,3.03
Wheat,0.645,4.05
Wheat,0.778,5.14
Wheat,0.407,2.57
Wheat,0.409,2.5
Wheat,0.751,4.71
Wheat,0.515,3.5
Wheat,0.642,4.36
Wheat,0.668,4.66
Wheat,0.563,3.68
Wheat,0.401,2.6
Wheat,0.572,3.42
Wheat,0.598,3.93
Wheat,0.77,5.28
Wheat,0.667,4.35
Wheat,0.761,4.9
Wheat,0.595,3.87
Wheat,0.643,4.42
Wheat,0.766,4.98
Wheat,0.424,3.04
Wheat,0.736,4.51
Wheat,0.556,3.97
Wheat,0.735,4.7
Wheat,0.727,4.69
Wheat,0.783,4.84
Wheat,0.791,4.85
Wheat,0.462,3.04
Wheat,0.656,4.48
Wheat,0.815,5.19
Wheat,0.619,3.98
Wheat,0.777,4.82
Wheat,0.817,5.46
Wheat,0.427,2.86
Wheat,0.734,4.29
Wheat,0.515,3.25
Wheat,0.799,5.19
Wheat,0.635,4.28
Wheat,0.671,4.18
Wheat,0.649,4.46
Wheat,0.706,4.52
Wheat,0.469,2.83
Wheat,0.805,5.31
Wheat,0.692,4.53
Wheat,0.42,2.71
Wheat,0.44,2.81
Wheat,0.72,4.35
Wheat,0.408,2.67
Wheat,0.77,5.01
Wheat,0.784,4.79
Wheat,0.405,2.5
Wheat,0.48,3.15
Wheat,0.762,4.9
Wheat,0.654,4.28
Wheat,0.582,3.64
Wheat,0.561,3.82
Wheat,0.425,2.51
Wheat,0.566,3.75
Wheat,0.402,2.5
Wheat,0.628,3.92
Wheat,0.843,5.34
Wheat,0.833,5.28
Wheat,0.508,3.38
Wheat,0.597,3.82
Wheat,0.644,4.07
Wheat,0.468,3.04
Wheat,0.516,3.19
Wheat,0.803,5.47
Wheat,0.727,4.93
Wheat,0.502,3.22
Wheat,0.759,4.69
Wheat,0.591,3.73
Wheat,0.591,3.84
Wheat,0.773,5.46
Wheat,0.765,4.84
Wheat,0.488,3.45
Wheat,0.611,3.74
Wheat,0.839,5.43
Wheat,0.472,2.75
Wheat,0.812,5.19
Wheat,0.844,5.5
Wheat,0.402,2.5
Wheat,0.413,2.5
Wheat,0.793,5.14
Wheat,0.527,3.37
Wheat,0.68,4.27
Wheat,0.615,3.74
Wheat,0.839,5.32
Wheat,0.593,3.76
Wheat,0.523,3.44
Wheat,0.635,3.82
Wheat,0.717,4.67
Wheat,0.556,3.34
Wheat,0.421,2.76
Wheat,0.792,5.15
Wheat,0.478,2.86
Wheat,0.404,2.5
Wheat,0.572,3.55
Wheat,0.723,4.73
Wheat,0.68,4.41
Wheat,0.493,3.13
Wheat,0.694,4.43
Wheat,0.642,4.16
Wheat,0.849,5.5
Wheat,0.578,3.63
Wheat,0.84,5.48
Wheat,0.615,3.85
Wheat,0.808,5.2
Wheat,0.447,2.67
Wheat,0.585,3.67
Wheat,0.458,2.75
Wheat,0.578,3.57
Wheat,0.449,2.5
Wheat,0.736,4.83
Wheat,0.549,3.64
Wheat,0.779,5.37
Wheat,0.755,4.83
Wheat,0.477,2.78
Wheat,0.814,5.49
Wheat,0.761,4.84
Wheat,0.696,4.45
Wheat,0.575,3.63
Wheat,0.571,3.61
Wheat,0.778,4.65
Wheat,0.461,3.33
Wheat,0.685,4.54
Wheat,0.716,4.44
Wheat,0.429,2.83
Wheat,0.658,4.04
Wheat,0.481,3.11
Wheat,0.434,2.71
Wheat,0.847,5.16
Wheat,0.572,3.81
Wheat,0.624,3.84
Wheat,0.772,4.91
Wheat,0.607,4.12
Wheat,0.829,5.28
Wheat,0.412,2.5
Wheat,0.502,3.42
Wheat,0.81,4.93
Wheat,0.843,5.33
Wheat,0.442,3.0
Wheat,0.416,2.71
Wheat,0.546,3.55
Wheat,0.567,3.57
Wheat,0.745,5.1
Wheat,0.619,3.94
Wheat,0.49,2.86
Wheat,0.771,4.63
Wheat,0.756,4.66
Wheat,0.501,3.34
Wheat,0.533,3.1
Wheat,0.736,4.7
Wheat,0.626,4.06
Wheat,0.589,3.97
Wheat,0.695,4.74
Wheat,0.814,5.23
Wheat,0.501,3.12
Wheat,0.766,4.67
Wheat,0.488,3.26
Wheat,0.519,3.21
Wheat,0.816,5.14
Wheat,0.727,5.18
Wheat,0.821,5.43
Wheat,0.642,3.93
Wheat,0.608,3.54
Wheat,0.61,4.03
Wheat,0.516,3.3
Wheat,0.623,3.97
Wheat,0.481,2.97
Wheat,0.532,3.47
Wheat,0.45,2.83
Wheat,0.777,4.76
Wheat,0.499,3.03
Wheat,0.516,3.2
Wheat,0.494,2.9
Wheat,0.48,3.13
Wheat,0.591,4.03
Wheat,0.639,4.12
Wheat,0.69,4.85
Wheat,0.672,4.33
Wheat,0.562,4.16
Wheat,0.564,3.52
Wheat,0.686,4.49
Wheat,0.486,2.51
Wheat,0.506,3.16
Wheat,0.589,3.98
Wheat,0.643,4.6
Wheat,0.47,3.0
Wheat,0.641,4.4
Wheat,0.732,4.41
Wheat,0.792,5.15
Wheat,0.563,3.64
Wheat,0.534,3.39
Wheat,0.792,4.85
Wheat,0.731,4.48
Wheat,0.571,3.79
Wheat,0.505,3.16
Wheat,0.819,4.87
Wheat,0.691,4.76
Wheat,0.675,4.37
Wheat,0.553,3.38
Wheat,0.509,3.28
Wheat,0.472,2.81
Wheat,0.488,2.85
Wheat,0.732,4.79
Wheat,0.74,4.63
Wheat,0.67,4.13
Wheat,0.772,5.0
Wheat,0.7,4.81
Wheat,0.648,4.12
Wheat,0.724,4.7
Wheat,0.734,4.82
Wheat,0.456,2.79
Wheat,0.495,3.28
Wheat,0.504,2.92
Wheat,0.726,4.36
Wheat,0.541,3.53
Wheat,0.558,3.54
Wheat,0.604,3.79
Wheat,0.66,4.48
Wheat,0.667,4.01
Wheat,0.766,5.2
Wheat,0.65,4.41
Wheat,0.585,3.56
Wheat,0.423,2.76
Wheat,0.659,4.05
Wheat,0.463,2.5
Wheat,0.476,2.88
Wheat,0.474,3.14
Wheat,0.741,4.83
Wheat,0.694,4.45
Wheat,0.733,4.51
Wheat,0.637,4.12
Wheat,0.681,4.39
Wheat,0.716,4.69
Wheat,0.806,5.5
Wheat,0.619,4.11
Wheat,0.479,3.24
Wheat,0.605,3.58
Wheat,0.652,4.13
Wheat,0.458,2.96
Wheat,0.744,4.81
Wheat,0.499,2.96
Wheat,0.83,5.26
Wheat,0.717,4.85
Wheat,0.791,5.5
Wheat,0.605,3.67
Wheat,0.464,3.1
Wheat,0.577,3.54
Wheat,0.627,4.07
Wheat,0.753,5.15
Wheat,0.771,4.82
Wheat,0.41,2.59
Wheat,0.806,5.18
Wheat,0.601,3.63
Wheat,0.632,4.03
Wheat,0.495,3.2
Wheat,0.717,4.67
Wheat,0.69,4.73
Wheat,0.848,5.43
Wheat,0.473,2.99
Wheat,0.594,3.93
Wheat,0.434,2.69
Wheat,0.746,4.44
Wheat,0.718,4.6
Wheat,0.434,2.77
Wheat,0.678,3.97
Wheat,0.667,4.43
Wheat,0.63,3.8
Wheat,0.477,3.18
Wheat,0.479,3.16
Wheat,0.533,3.74
Wheat,0.437,2.5
Wheat,0.598,3.47
Wheat,0.663,4.35
Wheat,0.816,5.15
Wheat,0.618,4.02
Wheat,0.411,2.57
Wheat,0.461,3.29
Wheat,0.834,5.35
Wheat,0.813,5.46
Wheat,0.827,5.26
Wheat,0.761,5.26
Wheat,0.572,3.77
Wheat,0.611,3.71
Wheat,0.44,2.6
Wheat,0.803,5.36
Wheat,0.693,4.65
Wheat,0.501,2.91
Wheat,0.558,3.56
Wheat,0.653,4.27
Wheat,0.76,4.51
Wheat,0.589,3.59
Wheat,0.684,4.65
Wheat,0.581,3.74
Wheat,0.503,3.09
Wheat,0.741,4.73
Wheat,0.521,3.11
Wheat,0.779,4.76
Wheat,0.774,4.78
Wheat,0.768,5.28
Wheat,0.669,4.4
Wheat,0.405,2.5
Wheat,0.449,3.2
Wheat,0.536,3.6
Wheat,0.778,5.03
Wheat,0.6,3.89
Wheat,0.427,2.67
Wheat,0.638,4.14
Wheat,0.524,3.26
Wheat,0.512,3.01
Wheat,0.777,5.2
Wheat,0.568,3.28
Wheat,0.599,3.56
Wheat,0.681,4.6
Wheat,0.729,4.5
Wheat,0.624,3.92
Wheat,0.52,3.47
Wheat,0.624,4.29
Wheat,0.835,5.29
Wheat,0.559,3.56
Wheat,0.594,3.71
Wheat,0.493,3.37
Wheat,0.786,5.27
Wheat,0.626,3.84
Wheat,0.541,3.32
Wheat,0.484,3.05
Wheat,0.66,4.02
Wheat,0.437,2.87
Wheat,0.648,4.16
Wheat,0.495,2.68
Wheat,0.64,3.84
Wheat,0.72,4.62
Wheat,0.549,3.6
Wheat,0.483,2.78
Wheat,0.747,4.53
Wheat,0.462,3.27
Wheat,0.432,2.52
Wheat,0.799,5.24
Wheat,0.61,3.92
Wheat,0.44,2.65
Wheat,0.604,3.72
Wheat,0.516,3.07
Wheat,0.624,4.32
Wheat,0.529,3.66
Wheat,0.504,3.24
Wheat,0.833,5.45
Wheat,0.624,4.22
Wheat,0.691,4.57
Wheat,0.668,4.19
Wheat,0.595,3.59
Wheat,0.442,2.8
Wheat,0.66,4.67
Wheat,0.43,2.79
Wheat,0.607,4.11
Wheat,0.614,3.95
Wheat,0.678,4.65
Wheat,0.516,3.32
Wheat,0.416,2.62
Wheat,0.786,4.98
Wheat,0.548,3.52
Wheat,0.517,3.45
Wheat,0.536,3.17
Wheat,0.674,4.45
Wheat,0.613,4.05
Wheat,0.812,5.29
Wheat,0.83,5.5
Wheat,0.671,4.58
Wheat,0.499,3.39
Wheat,0.715,4.73
Wheat,0.547,3.22
Wheat,0.844,5.5
Wheat,0.444,2.5
Wheat,0.721,4.77
Wheat,0.61,3.51
Wheat,0.735,4.79
Wheat,0.58,3.89
Wheat,0.65,4.31
Wheat,0.683,4.23
Wheat,0.561,3.79
Wheat,0.643,3.83
Wheat,0.678,4.38
Wheat,0.767,4.96
Wheat,0.541,3.38
Wheat,0.628,3.7
Wheat,0.515,3.34
Wheat,0.404,2.76
Wheat,0.499,3.38
Wheat,0.844,5.5
Wheat,0.682,4.42
Wheat,0.541,3.45
Wheat,0.825,5.41
Wheat,0.721,4.37
Wheat,0.809,5.35
Wheat,0.761,4.93
Wheat,0.804,5.22
Wheat,0.837,5.29
Wheat,0.819,5.5
Wheat,0.767,5.2
Wheat,0.646,4.15
Wheat,0.625,3.96
Wheat,0.46,3.23
Wheat,0.589,3.69
Wheat,0.551,3.73
Wheat,0.792,5.39
Wheat,0.68,4.44
Wheat,0.826,5.03
Wheat,0.427,2.65
Wheat,0.456,3.05
Wheat,0.796,5.18
Wheat,0.577,3.16
Wheat,0.73,4.64
Wheat,0.605,4.26
Wheat,0.418,2.5
Wheat,0.662,4.32
Wheat,0.436,2.96
Wheat,0.688,4.18
Wheat,0.773,5.21
Wheat,0.826,5.49
Wheat,0.444,2.96
Wheat,0.686,3.81
Wheat,0.635,4.1
Wheat,0.479,3.09
Wheat,0.491,3.1
Wheat,0.576,4.03
Wheat,0.598,3.53
Wheat,0.49,3.1
Wheat,0.613,3.84
Wheat,0.762,4.98
Wheat,0.775,5.15
Wheat,0.427,2.5
Wheat,0.408,2.5
Wheat,0.546,3.7
Wheat,0.85,5.5
Wheat,0.749,4.79
Wheat,0.599,3.82
Wheat,0.578,3.45
Wheat,0.793,5.19
Wheat,0.465,3.1
Wheat,0.847,5.3
Wheat,0.408,2.64
Wheat,0.67,4.6
Wheat,0.75,4.9
Wheat,0.474,2.87
Wheat,0.456,2.95
Wheat,0.486,3.1
Wheat,0.429,2.69
Wheat,0.631,4.11
Wheat,0.771,4.85
Wheat,0.648,4.15
Wheat,0.583,3.64
Wheat,0.786,5.37
Wheat,0.687,4.18
Wheat,0.689,4.61
Wheat,0.481,3.03
Wheat,0.523,3.35
Wheat,0.442,3.03
Wheat,0.768,4.77
Wheat,0.766,4.72
Wheat,0.489,2.97
Wheat,0.445,2.71
Wheat,0.689,4.3
Wheat,0.535,3.27
Wheat,0.578,3.43
Wheat,0.765,4.65
Wheat,0.436,2.86
Wheat,0.443,2.68
Wheat,0.837,5.2
Wheat,0.842,5.33
Wheat,0.632,4.07
Wheat,0.64,4.12
Wheat,0.847,5.5
Wheat,0.718,4.68
Wheat,0.826,5.5
Wheat,0.69,4.15
Wheat,0.663,4.46
Wheat,0.696,4.33
Wheat,0.485,3.54
Wheat,0.584,3.67
Wheat,0.659,3.78
Wheat,0.413,2.77
Wheat,0.735,4.97
Wheat,0.676,4.23
Wheat,0.545,3.61
Wheat,0.847,5.07
Wheat,0.659,4.35
Wheat,0.831,5.18
Wheat,0.777,4.98
Wheat,0.733,4.33
Wheat,0.722,4.99
Wheat,0.627,3.67
Wheat,0.784,5.21
Wheat,0.818,5.41
Wheat,0.662,4.31
Wheat,0.749,5.09
Wheat,0.776,5.02
Wheat,0.723,4.59
Wheat,0.78,4.76
Wheat,0.686,4.27
Wheat,0.615,3.86
Wheat,0.554,3.73
Wheat,0.406,2.5
Wheat,0.807,5.06
Wheat,0.619,4.25
Wheat,0.608,3.68
Wheat,0.786,5.04
Wheat,0.568,3.79
Wheat,0.606,3.92
Wheat,0.444,2.98
Wheat,0.421,3.04
Wheat,0.792,5.24
Wheat,0.737,4.62
Wheat,0.404,2.5
Wheat,0.835,5.27
Wheat,0.83,5.5
Wheat,0.448,2.95
Wheat,0.492,3.1
Wheat,0.495,2.98
Wheat,0.663,4.5
Wheat,0.756,4.64
Wheat,0.845,5.5
Wheat,0.401,2.56
Wheat,0.685,4.45
Wheat,0.721,4.17
Wheat,0.589,3.61
Wheat,0.762,5.0
Wheat,0.814,5.22
Wheat,0.539,3.41
Wheat,0.518,3.36
Wheat,0.483,3.19
Wheat,0.817,5.31
Wheat,0.654,4.05
Wheat,0.415,2.87
Wheat,0.406,2.5
Wheat,0.529,3.59
Wheat,0.78,5.42
Wheat,0.828,5.04
Wheat,0.523,3.31
Wheat,0.537,3.15
Wheat,0.722,4.56
Wheat,0.829,5.39
Wheat,0.832,5.11
Wheat,0.84,5.41
Wheat,0.453,2.69
Wheat,0.746,5.1
Wheat,0.661,4.14
Wheat,0.427,2.66
Wheat,0.712,4.5
Wheat,0.81,5.24
Wheat,0.795,4.95
Wheat,0.836,5.34
Wheat,0.642,4.04
Wheat,0.719,4.87
Wheat,0.569,3.78
Wheat,0.523,3.7
Wheat,0.602,3.79
Wheat,0.791,5.23
Wheat,0.679,4.41
Wheat,0.696,4.47
Wheat,0.732,4.76
Wheat,0.405,2.62
Wheat,0.624,3.92
Wheat,0.585,3.59
Wheat,0.775,4.63
Wheat,0.664,4.35
Wheat,0.474,2.7
Wheat,0.539,3.3
Wheat,0.802,5.01
Wheat,0.654,3.87
Wheat,0.548,3.46
Rice,0.545,3.27
Rice,0.59,3.49
Rice,0.648,4.39
Rice,0.661,4.12
Rice,0.806,5.3
Rice,0.636,3.73
Rice,0.727,5.01
Rice,0.832,5.15
Rice,0.667,4.03
Rice,0.847,5.78
Rice,0.835,5.43
Rice,0.736,4.76
Rice,0.757,4.88
Rice,0.799,5.13
Rice,0.549,3.46
Rice,0.885,6.0
Rice,0.782,5.29
Rice,0.659,4.22
Rice,0.728,4.67
Rice,0.845,5.29
Rice,0.652,4.23
Rice,0.719,4.56
Rice,0.503,3.28
Rice,0.597,4.24
Rice,0.545,3.08
Rice,0.625,3.99
Rice,0.635,4.07
Rice,0.821,5.5
Rice,0.7,4.61
Rice,0.796,5.2
Rice,0.811,5.39
Rice,0.819,5.29
Rice,0.555,3.19
Rice,0.774,4.96
Rice,0.513,3.15
Rice,0.566,3.59
Rice,0.709,4.62
Rice,0.733,4.63
Rice,0.886,5.93
Rice,0.87,5.95
Rice,0.56,3.85
Rice,0.767,4.71
Rice,0.802,4.97
Rice,0.683,4.24
Rice,0.752,4.93
Rice,0.806,5.43
Rice,0.549,3.56
Rice,0.828,5.36
Rice,0.674,4.58
Rice,0.712,4.75
Rice,0.576,3.76
Rice,0.874,5.64
Rice,0.849,5.78
Rice,0.552,3.0
Rice,0.782,4.98
Rice,0.703,4.54
Rice,0.505,3.0
Rice,0.565,3.83
Rice,0.562,3.54
Rice,0.726,4.61
Rice,0.782,5.3
Rice,0.672,4.46
Rice,0.869,5.73
Rice,0.748,4.68
Rice,0.585,3.75
Rice,0.81,5.5
Rice,0.885,6.0
Rice,0.67,4.0
Rice,0.521,3.25
Rice,0.849,5.54
Rice,0.698,4.53
Rice,0.694,4.54
Rice,0.627,4.07
Rice,0.566,3.34
Rice,0.872,5.94
Rice,0.71,4.69
Rice,0.621,3.8
Rice,0.533,3.37
Rice,0.593,4.2
Rice,0.855,5.72
Rice,0.668,4.22
Rice,0.76,4.71
Rice,0.52,3.26
Rice,0.807,5.6
Rice,0.818,5.46
Rice,0.838,5.76
Rice,0.566,3.77
Rice,0.723,4.66
Rice,0.67,4.03
Rice,0.702,4.2
Rice,0.782,4.96
Rice,0.843,5.65
Rice,0.636,4.07
Rice,0.645,4.09
Rice,0.753,4.72
Rice,0.5,3.07
Rice,0.593,3.96
Rice,0.808,5.48
Rice,0.751,4.83
Rice,0.577,3.59
Rice,0.817,5.21
Rice,0.891,6.0
Rice,0.827,5.54
Rice,0.707,4.62
Rice,0.659,4.13
Rice,0.559,3.44
Rice,0.69,4.36
Rice,0.682,4.27
Rice,0.644,4.19
Rice,0.717,4.56
Rice,0.667,3.89
Rice,0.623,3.78
Rice,0.574,3.39
Rice,0.756,4.6
Rice,0.852,5.97
Rice,0.551,3.33
Rice,0.656,4.02
Rice,0.632,3.91
Rice,0.625,3.66
Rice,0.574,3.62
Rice,0.644,4.31
Rice,0.537,3.11
Rice,0.89,5.99
Rice,0.627,3.95
Rice,0.894,6.0
Rice,0.51,3.0
Rice,0.57,3.52
Rice,0.559,3.54
Rice,0.852,5.78
Rice,0.686,4.65
Rice,0.692,4.22
Rice,0.673,4.19
Rice,0.706,4.33
Rice,0.752,4.92
Rice,0.602,3.72
Rice,0.624,4.2
Rice,0.745,5.24
Rice,0.736,4.93
Rice,0.558,3.39
Rice,0.852,5.42
Rice,0.705,4.33
Rice,0.521,3.23
Rice,0.863,5.62
Rice,0.8,5.18
Rice,0.513,3.0
Rice,0.881,5.32
Rice,0.543,3.67
Rice,0.564,3.41
Rice,0.713,4.38
Rice,0.684,4.53
Rice,0.779,5.09
Rice,0.772,5.29
Rice,0.594,3.73
Rice,0.871,5.61
Rice,0.796,5.08
Rice,0.897,5.54
Rice,0.608,3.46
Rice,0.642,3.95
Rice,0.673,4.39
Rice,0.884,6.0
Rice,0.684,4.33
Rice,0.592,3.79
Rice,0.756,4.94
Rice,0.84,5.52
Rice,0.592,3.53
Rice,0.606,3.64
Rice,0.754,5.23
Rice,0.562,3.27
Rice,0.747,5.08
Rice,0.711,4.82
Rice,0.849,5.59
Rice,0.533,3.16
Rice,0.539,3.46
Rice,0.536,3.12
Rice,0.81,4.91
Rice,0.819,5.76
Rice,0.703,4.48
Rice,0.813,5.21
Rice,0.865,5.75
Rice,0.818,5.48
Rice,0.55,3.16
Rice,0.63,3.86
Rice,0.852,5.73
Rice,0.584,3.78
Rice,0.533,3.47
Rice,0.884,5.66
Rice,0.563,3.54
Rice,0.507,3.0
Rice,0.801,5.05
Rice,0.856,5.79
Rice,0.633,3.98
Rice,0.614,4.02
Rice,0.536,3.01
Rice,0.878,5.86
Rice,0.831,5.52
Rice,0.737,4.82
Rice,0.52,3.13
Rice,0.73,4.8
Rice,0.555,3.41
Rice,0.68,4.41
Rice,0.796,5.22
Rice,0.713,4.28
Rice,0.778,5.15
Rice,0.761,4.96
Rice,0.515,3.01
Rice,0.862,6.0
Rice,0.573,3.67
Rice,0.608,3.84
Rice,0.766,4.91
Rice,0.803,5.37
Rice,0.734,4.54
Rice,0.602,4.02
Rice,0.626,3.82
Rice,0.743,4.72
Rice,0.682,4.24
Rice,0.891,6.0
Rice,0.617,4.13
Rice,0.558,3.4
Rice,0.572,3.46
Rice,0.653,3.96
Rice,0.583,3.97
Rice,0.65,3.93
Rice,0.814,5.59
Rice,0.745,4.72
Rice,0.635,3.73
Rice,0.569,3.31
Rice,0.748,5.04
Rice,0.758,5.06
Rice,0.523,3.32
Rice,0.547,3.15
Rice,0.521,3.12
Rice,0.627,3.81
Rice,0.84,5.74
Rice,0.716,4.52
Rice,0.899,5.97
Rice,0.784,4.95
Rice,0.624,3.85
Rice,0.563,3.4
Rice,0.584,3.57
Rice,0.58,3.68
Rice,0.579,3.36
Rice,0.571,3.65
Rice,0.596,3.73
Rice,0.759,5.36
Rice,0.705,4.58
Rice,0.703,4.66
Rice,0.517,3.0
Rice,0.543,3.72
Rice,0.651,3.85
Rice,0.821,5.2
Rice,0.887,5.9
Rice,0.654,4.56
Rice,0.805,5.84
Rice,0.512,3.42
Rice,0.697,4.16
Rice,0.503,3.0
Rice,0.856,5.71
Rice,0.836,5.47
Rice,0.891,6.0
Rice,0.677,4.14
Rice,0.683,4.45
Rice,0.765,5.11
Rice,0.527,3.12
Rice,0.524,3.21
Rice,0.734,4.34
Rice,0.773,4.97
Rice,0.618,4.02
Rice,0.68,4.34
Rice,0.868,5.7
Rice,0.703,4.46
Rice,0.689,4.37
Rice,0.615,4.12
Rice,0.886,5.85
Rice,0.753,4.58
Rice,0.869,5.92
Rice,0.543,3.12
Rice,0.618,4.08
Rice,0.749,4.94
Rice,0.607,3.72
Rice,0.538,3.14
Rice,0.645,4.08
Rice,0.626,4.3
Rice,0.579,3.07
Rice,0.669,4.38
Rice,0.598,3.68
Rice,0.718,4.45
Rice,0.512,3.12
Rice,0.683,4.31
Rice,0.895,6.0
Rice,0.813,5.83
Rice,0.629,4.14
Rice,0.892,5.9
Rice,0.568,3.45
Rice,0.666,4.5
Rice,0.569,3.72
Rice,0.727,4.93
Rice,0.651,3.85
Rice,0.605,3.98
Rice,0.643,3.55
Rice,0.725,4.31
Rice,0.638,3.91
Rice,0.705,4.35
Rice,0.58,3.59
Rice,0.875,5.91
Rice,0.645,4.14
Rice,0.722,4.42
Rice,0.787,5.02
Rice,0.833,5.46
Rice,0.764,5.01
Rice,0.888,6.0
Rice,0.873,5.87
Rice,0.725,4.59
Rice,0.661,4.17
Rice,0.894,5.81
Rice,0.605,4.19
Rice,0.847,5.66
Rice,0.823,5.15
Rice,0.552,3.13
Rice,0.591,3.74
Rice,0.712,4.96
Rice,0.688,4.62
Rice,0.824,5.59
Rice,0.583,3.16
Rice,0.66,3.8
Rice,0.595,3.59
Rice,0.691,4.4
Rice,0.875,5.89
Rice,0.59,3.39
Rice,0.588,3.9
Rice,0.676,4.05
Rice,0.84,5.35
Rice,0.561,3.73
Rice,0.731,4.46
Rice,0.825,5.38
Rice,0.586,3.35
Rice,0.87,5.77
Rice,0.534,3.44
Rice,0.894,5.98
Rice,0.582,3.61
Rice,0.687,4.3
Rice,0.72,4.36
Rice,0.834,5.28
Rice,0.833,5.54
Rice,0.692,4.39
Rice,0.678,4.25
Rice,0.86,5.92
Rice,0.724,4.67
Rice,0.806,5.34
Rice,0.862,5.51
Rice,0.544,3.11
Rice,0.537,3.0
Rice,0.582,3.59
Rice,0.652,4.4
Rice,0.712,4.59
Rice,0.59,3.61
Rice,0.502,3.29
Rice,0.679,4.07
Rice,0.781,5.01
Rice,0.647,4.29
Rice,0.765,4.87
Rice,0.656,4.04
Rice,0.718,4.49
Rice,0.848,5.81
Rice,0.839,5.64
Rice,0.764,4.69
Rice,0.522,3.2
Rice,0.716,4.81
Rice,0.529,3.17
Rice,0.683,4.56
Rice,0.81,5.36
Rice,0.59,4.04
Rice,0.509,3.14
Rice,0.582,3.57
Rice,0.548,3.18
Rice,0.56,3.48
Rice,0.581,3.7
Rice,0.553,3.37
Rice,0.765,5.01
Rice,0.737,4.7
Rice,0.857,5.68
Rice,0.791,5.2
Rice,0.533,3.32
Rice,0.764,5.18
Rice,0.871,5.86
Rice,0.579,3.86
Rice,0.681,4.48
Rice,0.855,5.6
Rice,0.75,4.62
Rice,0.637,3.81
Rice,0.708,4.0
Rice,0.786,4.94
Rice,0.551,3.34
Rice,0.897,6.0
Rice,0.708,4.59
Rice,0.501,3.45
Rice,0.718,4.58
Rice,0.509,3.0
Rice,0.542,3.0
Rice,0.618,3.92
Rice,0.648,4.02
Rice,0.63,3.72
Rice,0.748,5.15
Rice,0.645,4.22
Rice,0.801,5.3
Rice,0.635,3.98
Rice,0.881,5.95
Rice,0.504,3.08
Rice,0.526,3.08
Rice,0.752,4.85
Rice,0.66,3.92
Rice,0.605,3.89
Rice,0.804,5.14
Rice,0.87,5.79
Rice,0.855,5.6
Rice,0.884,5.82
Rice,0.654,4.15
Rice,0.581,3.53
Rice,0.888,6.0
Rice,0.733,4.74
Rice,0.671,4.47
Rice,0.807,4.98
Rice,0.576,3.43
Rice,0.601,3.69
Rice,0.819,5.22
Rice,0.713,4.58
Rice,0.605,3.96
Rice,0.887,5.67
Rice,0.8,5.51
Rice,0.678,4.53
Rice,0.67,4.32
Rice,0.729,5.08
Rice,0.634,4.08
Rice,0.805,5.28
Rice,0.892,5.87
Rice,0.86,5.44
Rice,0.676,4.51
Rice,0.764,4.6
Rice,0.741,4.74
Rice,0.846,5.57
Rice,0.558,3.28
Rice,0.833,5.21
Rice,0.633,3.99
Rice,0.623,4.0
Rice,0.504,3.01
Rice,0.681,4.32
Rice,0.819,5.45
Rice,0.778,5.05
Rice,0.62,3.96
Rice,0.504,3.05
Rice,0.617,3.82
Rice,0.8,5.15
Rice,0.636,4.08
Rice,0.647,3.98
Rice,0.839,5.64
Rice,0.543,3.49
Rice,0.813,5.52
Rice,0.742,4.58
Rice,0.617,4.2
Rice,0.584,3.61
Rice,0.736,4.71
Rice,0.87,6.0
Rice,0.5,3.0
Rice,0.562,3.56
Rice,0.811,4.94
Rice,0.682,4.64
Rice,0.877,5.55
Rice,0.593,3.82
Rice,0.834,5.77
Rice,0.788,5.19
Rice,0.545,3.14
Rice,0.818,5.58
Rice,0.594,3.7
Rice,0.72,4.74
Rice,0.887,6.0
Rice,0.879,5.78
Rice,0.83,5.36
Rice,0.85,5.71
Rice,0.851,5.72
Rice,0.552,3.25
Rice,0.864,5.6
Rice,0.522,3.43
Rice,0.533,3.37
Rice,0.682,4.15
Rice,0.606,3.65
Rice,0.664,4.36
Rice,0.555,3.61
Rice,0.826,5.02
Rice,0.841,5.65
Rice,0.653,4.41
Rice,0.651,3.87
Rice,0.839,5.52
Rice,0.82,5.29
Rice,0.75,4.58
Rice,0.638,3.92
Rice,0.583,3.7
Rice,0.729,4.96
Rice,0.604,3.7
Rice,0.602,3.79
Rice,0.813,5.48
Rice,0.761,4.86
Rice,0.561,3.74
Rice,0.897,6.0
Rice,0.568,3.65
Rice,0.784,4.95
Rice,0.846,5.67
Rice,0.676,3.94
Rice,0.845,5.68
Rice,0.889,5.84
Rice,0.81,5.26
Rice,0.685,4.27
Rice,0.717,4.62
Rice,0.53,3.39
Rice,0.831,5.6
Rice,0.76,5.05
Rice,0.717,4.26
Rice,0.89,5.85
Rice,0.715,4.62
Rice,0.805,5.14
Rice,0.813,5.25
Rice,0.886,5.92
Rice,0.684,4.31
Rice,0.628,3.83
Rice,0.8,5.28
Rice,0.648,3.92
Rice,0.527,3.06
Rice,0.875,6.0
Rice,0.557,3.49
Rice,0.846,5.58
Rice,0.622,3.67
Rice,0.579,3.15
Rice,0.818,5.63
Rice,0.532,3.3
Rice,0.675,4.2
Rice,0.669,4.4
Rice,0.53,3.29
Rice,0.617,3.67
Rice,0.675,4.62
Rice,0.727,5.02
Rice,0.716,4.33
Rice,0.898,6.0
Rice,0.509,3.32
Rice,0.705,4.46
Rice,0.656,4.02
Rice,0.758,4.92
Rice,0.784,5.21
Rice,0.531,3.08
Rice,0.887,5.77
Rice,0.631,3.61
Rice,0.832,5.45
Rice,0.632,3.53
Rice,0.763,4.89
Rice,0.865,5.86
Rice,0.886,5.78
Rice,0.803,5.27
Rice,0.538,3.19
Rice,0.598,3.85
Rice,0.633,4.45
Rice,0.863,5.62
Rice,0.729,4.75
Rice,0.821,5.36
Rice,0.639,3.97
Rice,0.781,5.24
Rice,0.547,3.0
Rice,0.806,5.35
Rice,0.787,5.31
Rice,0.721,4.59
Rice,0.795,5.47
Rice,0.876,5.45
Rice,0.727,5.02
Rice,0.895,6.0
Rice,0.813,5.66
Rice,0.747,4.61
Rice,0.56,3.55
Rice,0.545,3.25
Rice,0.775,5.0
Rice,0.669,3.99
Rice,0.75,4.95
Rice,0.877,5.75
Rice,0.745,4.94
Rice,0.762,4.76
Rice,0.703,4.48
Rice,0.823,5.44
Rice,0.576,3.62
Rice,0.7,4.48
Rice,0.671,4.68
Rice,0.781,5.1
Rice,0.617,3.78
Rice,0.717,4.83
Rice,0.852,5.59
Rice,0.643,3.93
Rice,0.546,3.53
Rice,0.519,3.0
Rice,0.739,4.61
Rice,0.702,4.53
Rice,0.661,4.05
Rice,0.815,5.08
Rice,0.637,3.86
Rice,0.845,5.81
Rice,0.735,4.96
Rice,0.578,3.76
Rice,0.808,5.49
Rice,0.656,4.17
Rice,0.702,4.19
Rice,0.562,3.62
Rice,0.677,3.99
Rice,0.509,3.0
Rice,0.75,5.33
Rice,0.823,5.31
Rice,0.596,3.97
Rice,0.586,3.72
Rice,0.668,4.0
Rice,0.685,4.58
Rice,0.576,3.56
Rice,0.587,3.86
Rice,0.724,4.27
Rice,0.785,5.55
Rice,0.834,5.82
Rice,0.681,4.12
Rice,0.724,4.93
Rice,0.73,4.38
Rice,0.854,5.54
Rice,0.651,3.93
Rice,0.564,3.68
Rice,0.882,6.0
Rice,0.76,4.6
Rice,0.526,3.37
Rice,0.546,3.23
Rice,0.828,5.47
Rice,0.744,4.91
Rice,0.811,5.15
Rice,0.501,3.03
Rice,0.564,3.66
Rice,0.846,5.62
Rice,0.75,4.96
Rice,0.508,3.0
Rice,0.549,3.38
Rice,0.593,3.71
Rice,0.772,5.11
Rice,0.531,3.36
Rice,0.684,4.41
Rice,0.568,3.71
Rice,0.81,5.61
Rice,0.684,4.55
Rice,0.831,5.59
Rice,0.658,3.88
Rice,0.606,3.87
Rice,0.865,5.55
Rice,0.769,5.12
Rice,0.857,5.63
Rice,0.779,5.08
Rice,0.809,5.49
Rice,0.834,5.8
Rice,0.74,4.64
Rice,0.593,3.5
Rice,0.519,3.15
Rice,0.556,3.31
Rice,0.896,5.83
Rice,0.795,5.26
Rice,0.621,4.38
Rice,0.666,4.29
Rice,0.626,4.02
Rice,0.766,5.13
Rice,0.649,4.43
Rice,0.85,5.55
Rice,0.735,4.67
Rice,0.74,4.99
Rice,0.808,5.43
Rice,0.658,4.28
Rice,0.896,6.0
Rice,0.728,4.58
Rice,0.841,5.5
Rice,0.667,4.39
Rice,0.614,3.45
Rice,0.726,4.59
Rice,0.698,4.65
Rice,0.695,4.67
Rice,0.666,4.2
Rice,0.523,3.25
Rice,0.676,4.25
Rice,0.76,4.72
Rice,0.872,5.9
Rice,0.643,3.9
Rice,0.658,4.03
Rice,0.775,4.9
Rice,0.712,4.18
Rice,0.6,4.02
Rice,0.665,4.42
Rice,0.793,5.34
Rice,0.754,5.2
Rice,0.631,3.32
Rice,0.617,4.3
Rice,0.66,4.19
Rice,0.882,5.54
Rice,0.557,3.7
Rice,0.65,4.04
Rice,0.885,5.65
Rice,0.883,6.0
Rice,0.647,4.25
Rice,0.764,4.76
Rice,0.826,5.51
Rice,0.687,4.55
Rice,0.548,3.35
Rice,0.817,5.62
Rice,0.751,4.72
Rice,0.599,3.82
Rice,0.707,4.61
Rice,0.669,4.41
Rice,0.555,3.67
Rice,0.791,5.3
Rice,0.581,3.77
Rice,0.784,4.96
Rice,0.746,4.74
Rice,0.569,3.53
Rice,0.696,4.22
Rice,0.716,5.13
Rice,0.899,5.71
Rice,0.587,3.44
Rice,0.867,5.87
Rice,0.51,3.34
Rice,0.532,3.25
Rice,0.677,4.27
Rice,0.5,3.16
Rice,0.845,5.78
Rice,0.579,3.79
Rice,0.575,3.41
Rice,0.547,3.58
Rice,0.598,3.87
Rice,0.672,3.67
Rice,0.584,3.28
Rice,0.694,4.34
Rice,0.849,5.39
Rice,0.614,4.18
Rice,0.597,3.75
Rice,0.564,3.28
Rice,0.594,3.47
Rice,0.716,4.79
Rice,0.881,6.0
Rice,0.526,3.43
Rice,0.738,4.76
Rice,0.842,5.17
Rice,0.639,3.87
Rice,0.564,3.35
Rice,0.573,3.29
Rice,0.768,5.28
Rice,0.671,4.39
Rice,0.779,5.46
Rice,0.724,4.4
Rice,0.833,5.45
Rice,0.651,4.19
Rice,0.752,5.06
Rice,0.797,5.06
Rice,0.896,5.87
Rice,0.887,5.98
Rice,0.681,4.42
Rice,0.875,5.98
Rice,0.625,3.6
Rice,0.661,4.28
Rice,0.868,5.71
Rice,0.621,3.91
Rice,0.769,5.1
Rice,0.667,3.9
Rice,0.501,3.0
Rice,0.817,5.42
Rice,0.728,4.88
Rice,0.819,4.99
Rice,0.509,3.05
Rice,0.883,5.98
Rice,0.586,3.49
Rice,0.649,4.14
Rice,0.747,4.65
Rice,0.813,5.57
Rice,0.783,4.88
Rice,0.758,4.84
Rice,0.799,5.39
Rice,0.702,4.58
Rice,0.756,4.63
Rice,0.718,4.57
Rice,0.816,5.08
Rice,0.516,3.0
Rice,0.704,4.49
Rice,0.891,5.87
Rice,0.629,4.27
Rice,0.695,4.46
Rice,0.591,3.66
Rice,0.703,4.17
Rice,0.647,3.91
Rice,0.848,5.5
Rice,0.839,5.73
Rice,0.839,5.78
Rice,0.64,3.71
Rice,0.76,5.17
Rice,0.749,4.99
Rice,0.86,5.98
Rice,0.549,3.27
Rice,0.844,5.38
Rice,0.667,4.11
Rice,0.671,4.21
Rice,0.723,4.24
Rice,0.627,3.98
Rice,0.87,5.66
Rice,0.717,4.77
Rice,0.737,4.8
Rice,0.744,4.94
Rice,0.622,3.87
Rice,0.525,3.54
Rice,0.818,5.48
Rice,0.57,3.61
Rice,0.528,3.08
Rice,0.753,4.89
Rice,0.62,3.91
Rice,0.672,4.4
Rice,0.504,3.03
Rice,0.654,4.03
Rice,0.843,5.83
Rice,0.502,3.3
Rice,0.895,6.0
Rice,0.681,4.34
Rice,0.574,3.37
Rice,0.889,5.63
Rice,0.724,4.2
Rice,0.759,5.06
Rice,0.846,5.76
Rice,0.817,5.72
Rice,0.58,3.72
Rice,0.779,5.21
Rice,0.526,3.15
Rice,0.604,3.38
Rice,0.783,5.18
Rice,0.556,3.53
Rice,0.701,4.38
Rice,0.798,5.19
Rice,0.735,4.98
Rice,0.568,3.46
Rice,0.649,3.92
Rice,0.503,3.08
Rice,0.693,4.25
Rice,0.73,4.67
Rice,0.804,5.49
Rice,0.603,3.62
Rice,0.758,4.46
Rice,0.897,5.56
Rice,0.874,6.0
Rice,0.516,3.03
Rice,0.733,4.84
Rice,0.664,4.43
Rice,0.795,4.93
Rice,0.627,3.72
Rice,0.591,3.76
Rice,0.819,4.92
Rice,0.564,3.41
Rice,0.888,6.0
Rice,0.539,3.4
Rice,0.814,5.55
Rice,0.574,3.61
Rice,0.74,4.98
Rice,0.676,4.72
Rice,0.749,5.03
Rice,0.752,4.84
Rice,0.54,3.41
Rice,0.881,6.0
Rice,0.707,4.51
Rice,0.594,3.85
Rice,0.847,5.57
Rice,0.88,5.91
Rice,0.62,3.99
Rice,0.673,4.09
Rice,0.582,3.41
Rice,0.879,6.0
Rice,0.634,3.81
Rice,0.579,3.58
Rice,0.829,5.38
Rice,0.604,3.64
Rice,0.837,5.5
Rice,0.731,4.89
Rice,0.576,3.73
Rice,0.659,4.12
Rice,0.649,4.32
Rice,0.764,5.05
Rice,0.704,4.62
Rice,0.832,5.57
Rice,0.601,3.5
Rice,0.546,3.41
Rice,0.724,4.66
Rice,0.538,3.53
Rice,0.577,3.65
Rice,0.501,3.0
Rice,0.62,4.06
Rice,0.792,5.31
Rice,0.695,4.76
Rice,0.783,5.23
Rice,0.871,5.89
Rice,0.612,4.03
Rice,0.704,4.72
Rice,0.588,3.4
Rice,0.534,3.28
Rice,0.538,3.33
Rice,0.811,5.23
Rice,0.715,4.63
Rice,0.761,5.24
Rice,0.702,4.74
Rice,0.58,3.93
Rice,0.705,4.73
Rice,0.579,3.52
Rice,0.581,3.5
Rice,0.582,3.47
Rice,0.814,5.58
Rice,0.657,3.91
Rice,0.878,5.6
Rice,0.57,3.38
Rice,0.847,5.9
Rice,0.675,4.6
Rice,0.77,5.01
Rice,0.734,4.96
Rice,0.512,3.14
Rice,0.786,4.99
Rice,0.654,3.97
Rice,0.672,4.41
Rice,0.684,4.49
Rice,0.518,3.05
Rice,0.567,3.63
Rice,0.775,4.99
Rice,0.89,5.97
Rice,0.602,4.06
Rice,0.689,4.66
Rice,0.793,5.29
Rice,0.83,5.31
Rice,0.786,4.97
Rice,0.879,6.0
Rice,0.766,5.18
Rice,0.706,4.51
Rice,0.801,5.17
Rice,0.618,3.8
Rice,0.84,6.0
Rice,0.646,4.24
Rice,0.519,3.34
Rice,0.688,4.47
Rice,0.731,4.68
Rice,0.601,3.99
Rice,0.863,5.89
Rice,0.834,5.37
Rice,0.849,5.74
Rice,0.502,3.0
Rice,0.546,3.44
Rice,0.706,4.38
Rice,0.667,4.21
Rice,0.773,5.24
Rice,0.885,6.0
Rice,0.747,4.72
Rice,0.622,4.01
Rice,0.751,4.84
Rice,0.555,3.36
Rice,0.661,4.17
Rice,0.735,4.43
Rice,0.509,3.0
Rice,0.693,4.86
Rice,0.515,3.65
Rice,0.57,3.42
Rice,0.746,4.87
Rice,0.715,4.35
Rice,0.662,4.57
Rice,0.822,5.56
Rice,0.605,3.82
Rice,0.895,6.0
Rice,0.736,4.43
Rice,0.75,4.66
Rice,0.631,4.09
Rice,0.778,4.96
Rice,0.57,3.48
Rice,0.793,5.47
Rice,0.595,3.82
Rice,0.706,4.74
Rice,0.647,4.18
Rice,0.788,5.52
Rice,0.865,5.54
Rice,0.579,3.54
Rice,0.656,4.16
Rice,0.67,4.13
Rice,0.646,4.08
Rice,0.744,4.7
Rice,0.585,3.79
Rice,0.608,4.02
Rice,0.887,6.0
Rice,0.616,3.93
Rice,0.787,5.46
Rice,0.585,3.68
Rice,0.673,4.52
Rice,0.659,4.4
Rice,0.69,4.32
Rice,0.541,3.0
Rice,0.792,5.03
Rice,0.55,3.19
Rice,0.885,5.97
Rice,0.713,4.83
Rice,0.756,4.84
Rice,0.804,5.14
Rice,0.585,3.84
Rice,0.871,5.75
Rice,0.811,5.36
Rice,0.724,4.8
Rice,0.53,3.43
Maize,0.783,4.64
Maize,0.461,2.0
Maize,0.602,3.26
Maize,0.707,3.83
Maize,0.5,2.47
Maize,0.606,3.53
Maize,0.56,2.9
Maize,0.768,4.9
Maize,0.506,2.33
Maize,0.704,4.38
Maize,0.718,3.95
Maize,0.661,4.18
Maize,0.661,3.74
Maize,0.761,4.5
Maize,0.763,5.0
Maize,0.693,3.74
Maize,0.758,4.55
Maize,0.62,3.44
Maize,0.667,4.04
Maize,0.53,2.89
Maize,0.462,2.38
Maize,0.508,2.37
Maize,0.536,2.94
Maize,0.76,4.71
Maize,0.537,2.75
Maize,0.61,3.01
Maize,0.629,3.47
Maize,0.707,4.45
Maize,0.641,3.64
Maize,0.66,3.6
Maize,0.539,2.76
Maize,0.767,4.65
Maize,0.669,3.99
Maize,0.751,4.7
Maize,0.756,4.73
Maize,0.732,4.32
Maize,0.649,3.7
Maize,0.547,2.93
Maize,0.467,2.21
Maize,0.522,2.81
Maize,0.552,2.97
Maize,0.649,3.9
Maize,0.749,4.37
Maize,0.686,3.95
Maize,0.6,3.54
Maize,0.559,2.58
Maize,0.5,2.29
Maize,0.597,3.24
Maize,0.646,3.88
Maize,0.648,3.78
Maize,0.698,4.02
Maize,0.747,4.56
Maize,0.609,3.47
Maize,0.626,3.46
Maize,0.46,2.1
Maize,0.596,3.34
Maize,0.534,2.85
Maize,0.776,5.0
Maize,0.571,2.76
Maize,0.661,4.09
Maize,0.616,3.3
Maize,0.792,4.98
Maize,0.728,4.29
Maize,0.573,3.23
Maize,0.517,2.78
Maize,0.49,2.16
Maize,0.524,2.68
Maize,0.651,3.59
Maize,0.794,4.84
Maize,0.747,4.45
Maize,0.678,3.9
Maize,0.646,3.82
Maize,0.512,2.65
Maize,0.551,2.81
Maize,0.478,2.63
Maize,0.512,2.56
Maize,0.69,4.19
Maize,0.631,3.69
Maize,0.525,2.09
Maize,0.758,4.4
Maize,0.644,3.73
Maize,0.465,2.0
Maize,0.695,3.97
Maize,0.46,2.0
Maize,0.642,3.37
Maize,0.768,5.0
Maize,0.714,4.13
Maize,0.541,2.77
Maize,0.784,4.45
Maize,0.705,4.35
Maize,0.507,2.76
Maize,0.546,2.89
Maize,0.668,4.01
Maize,0.788,5.0
Maize,0.772,4.79
Maize,0.598,3.37
Maize,0.716,4.3
Maize,0.535,2.99
Maize,0.548,2.65
Maize,0.757,4.64
Maize,0.786,5.0
Maize,0.5,2.46
Maize,0.687,4.05
Maize,0.477,2.29
Maize,0.472,2.0
Maize,0.681,4.21
Maize,0.504,2.39
Maize,0.798,4.73
Maize,0.615,3.39
Maize,0.617,3.66
Maize,0.592,3.4
Maize,0.635,3.26
Maize,0.798,5.0
Maize,0.697,3.95
Maize,0.785,4.79
Maize,0.499,2.49
Maize,0.468,2.0
Maize,0.682,4.02
Maize,0.746,4.48
Maize,0.539,2.56
Maize,0.575,3.12
Maize,0.59,3.28
Maize,0.57,3.1
Maize,0.61,3.53
Maize,0.775,5.0
Maize,0.593,3.45
Maize,0.602,3.27
Maize,0.709,4.0
Maize,0.655,3.64
Maize,0.632,3.55
Maize,0.741,4.4
Maize,0.55,2.61
Maize,0.677,3.76
Maize,0.456,2.0
Maize,0.714,3.82
Maize,0.679,3.91
Maize,0.486,2.46
Maize,0.746,4.6
Maize,0.645,4.03
Maize,0.722,4.5
Maize,0.683,3.88
Maize,0.512,2.56
Maize,0.731,4.87
Maize,0.695,3.85
Maize,0.688,3.77
Maize,0.61,3.34
Maize,0.681,3.85
Maize,0.457,2.0
Maize,0.539,2.91
Maize,0.555,2.45
Maize,0.624,3.55
Maize,0.627,3.07
Maize,0.462,2.14
Maize,0.792,4.48
Maize,0.794,4.91
Maize,0.734,4.75
Maize,0.5,2.32
Maize,0.472,2.18
Maize,0.6,3.19
Maize,0.608,3.38
Maize,0.797,4.83
Maize,0.499,2.51
Maize,0.701,4.28
Maize,0.719,4.15
Maize,0.731,4.3
Maize,0.504,2.26
Maize,0.681,4.26
Maize,0.666,3.96
Maize,0.615,3.61
Maize,0.626,3.17
Maize,0.586,3.09
Maize,0.634,3.72
Maize,0.596,3.18
Maize,0.662,3.72
Maize,0.695,4.22
Maize,0.588,3.5
Maize,0.615,3.54
Maize,0.704,4.57
Maize,0.55,3.33
Maize,0.773,4.7
Maize,0.528,2.62
Maize,0.707,4.31
Maize,0.716,4.22
Maize,0.655,3.89
Maize,0.582,3.63
Maize,0.776,5.0
Maize,0.544,2.9
Maize,0.557,3.07
Maize,0.6,3.44
Maize,0.603,3.41
Maize,0.507,2.21
Maize,0.698,4.28
Maize,0.746,4.58
Maize,0.753,4.52
Maize,0.725,4.53
Maize,0.637,3.79
Maize,0.628,3.25
Maize,0.757,4.58
Maize,0.739,3.93
Maize,0.455,2.0
Maize,0.634,3.29
Maize,0.583,3.43
Maize,0.667,3.68
Maize,0.694,4.24
Maize,0.657,3.92
Maize,0.582,3.44
Maize,0.556,3.22
Maize,0.725,4.01
Maize,0.479,2.15
Maize,0.607,3.19
Maize,0.533,2.65
Maize,0.479,2.1
Maize,0.46,2.0
Maize,0.761,4.83
Maize,0.508,2.62
Maize,0.767,4.5
Maize,0.71,4.18
Maize,0.57,3.17
Maize,0.699,3.9
Maize,0.51,2.35
Maize,0.561,3.02
Maize,0.563,3.23
Maize,0.53,2.74
Maize,0.644,3.75
Maize,0.461,2.2
Maize,0.713,4.68
Maize,0.457,2.0
Maize,0.652,3.78
Maize,0.589,3.0
Maize,0.466,2.03
Maize,0.569,2.99
Maize,0.556,2.79
Maize,0.687,4.22
Maize,0.523,2.62
Maize,0.535,2.73
Maize,0.615,2.99
Maize,0.704,4.01
Maize,0.487,2.0
Maize,0.744,4.67
Maize,0.661,3.63
Maize,0.602,3.35
Maize,0.512,2.81
Maize,0.671,3.8
Maize,0.587,2.97
Maize,0.635,3.39
Maize,0.607,3.28
Maize,0.633,3.84
Maize,0.728,4.2
Maize,0.784,4.97
Maize,0.655,3.73
Maize,0.619,3.4
Maize,0.764,4.97
Maize,0.541,2.74
Maize,0.731,4.67
Maize,0.754,4.66
Maize,0.612,3.56
Maize,0.52,2.32
Maize,0.622,3.65
Maize,0.689,3.78
Maize,0.675,3.79
Maize,0.599,3.45
Maize,0.494,2.44
Maize,0.787,4.88
Maize,0.624,3.74
Maize,0.463,2.48
Maize,0.736,4.56
Maize,0.677,4.55
Maize,0.591,3.47
Maize,0.792,4.82
Maize,0.741,4.61
Maize,0.612,3.34
Maize,0.664,4.12
Maize,0.71,4.34
Maize,0.526,2.4
Maize,0.515,2.56
Maize,0.583,3.14
Maize,0.523,2.8
Maize,0.622,3.73
Maize,0.649,3.59
Maize,0.617,3.57
Maize,0.531,3.03
Maize,0.647,4.08
Maize,0.693,4.3
Maize,0.695,4.15
Maize,0.702,3.75
Maize,0.719,4.47
Maize,0.498,2.36
Maize,0.653,3.77
Maize,0.503,2.23
Maize,0.511,2.9
Maize,0.779,4.69
Maize,0.48,2.42
Maize,0.684,3.76
Maize,0.586,3.26
Maize,0.563,2.91
Maize,0.608,3.42
Maize,0.526,2.67
Maize,0.588,3.07
Maize,0.557,2.83
Maize,0.782,5.0
Maize,0.705,4.36
Maize,0.55,2.72
Maize,0.704,4.08
Maize,0.708,4.2
Maize,0.549,2.75
Maize,0.632,3.47
Maize,0.654,4.1
Maize,0.725,4.76
Maize,0.749,4.58
Maize,0.538,2.87
Maize,0.537,2.59
Maize,0.623,3.7
Maize,0.787,4.85
Maize,0.705,4.2
Maize,0.769,4.76
Maize,0.648,3.67
Maize,0.768,4.75
Maize,0.593,3.13
Maize,0.596,3.31
Maize,0.607,3.38
Maize,0.679,4.44
Maize,0.657,3.87
Maize,0.714,4.41
Maize,0.611,3.57
Maize,0.724,4.49
Maize,0.516,2.49
Maize,0.602,3.07
Maize,0.613,3.33
Maize,0.757,4.91
Maize,0.483,2.17
Maize,0.795,5.0
Maize,0.618,3.65
Maize,0.726,4.19
Maize,0.506,2.06
Maize,0.48,2.19
Maize,0.715,4.23
Maize,0.6,3.45
Maize,0.525,2.74
Maize,0.503,2.41
Maize,0.779,4.85
Maize,0.679,3.99
Maize,0.697,4.26
Maize,0.695,3.83
Maize,0.588,3.24
Maize,0.76,4.57
Maize,0.68,3.92
Maize,0.482,2.51
Maize,0.794,4.62
Maize,0.678,3.77
Maize,0.589,3.13
Maize,0.728,4.21
Maize,0.579,3.31
Maize,0.606,3.37
Maize,0.625,3.55
Maize,0.741,4.77
Maize,0.457,2.14
Maize,0.461,2.21
Maize,0.552,2.9
Maize,0.588,3.28
Maize,0.455,2.17
Maize,0.716,4.38
Maize,0.481,2.29
Maize,0.454,2.01
Maize,0.452,2.0
Maize,0.73,4.19
Maize,0.673,4.0
Maize,0.533,2.5
Maize,0.637,3.59
Maize,0.596,3.49
Maize,0.574,3.05
Maize,0.7,3.86
Maize,0.586,2.97
Maize,0.687,4.16
Maize,0.478,2.35
Maize,0.701,4.06
Maize,0.629,3.43
Maize,0.744,4.51
Maize,0.794,5.0
Maize,0.585,3.36
Maize,0.709,4.29
Maize,0.48,2.31
Maize,0.689,3.73
Maize,0.788,5.0
Maize,0.498,2.57
Maize,0.455,2.0
Maize,0.471,2.0
Maize,0.702,4.24
Maize,0.632,3.51
Maize,0.497,2.51
Maize,0.607,3.22
Maize,0.486,2.32
Maize,0.581,2.8
Maize,0.549,3.12
Maize,0.515,2.4
Maize,0.708,4.04
Maize,0.627,3.16
Maize,0.794,4.47
Maize,0.544,2.76
Maize,0.549,3.08
Maize,0.774,4.77
Maize,0.703,4.36
Maize,0.469,2.11
Maize,0.572,2.93
Maize,0.73,4.51
Maize,0.799,5.0
Maize,0.683,3.74
Maize,0.59,3.2
Maize,0.663,3.8
Maize,0.764,4.85
Maize,0.697,4.04
Maize,0.55,2.74
Maize,0.762,4.7
Maize,0.634,3.48
Maize,0.788,4.77
Maize,0.462,2.21
Maize,0.607,3.12
Maize,0.754,4.75
Maize,0.645,3.56
Maize,0.611,3.45
Maize,0.729,4.17
Maize,0.645,3.83
Maize,0.572,3.26
Maize,0.481,2.16
Maize,0.726,4.36
Maize,0.558,2.87
Maize,0.683,4.05
Maize,0.452,2.0
Maize,0.678,4.2
Maize,0.59,3.25
Maize,0.625,3.28
Maize,0.69,3.95
Maize,0.51,2.63
Maize,0.657,3.67
Maize,0.739,4.47
Maize,0.539,2.6
Maize,0.728,4.27
Maize,0.615,3.64
Maize,0.522,2.51
Maize,0.486,2.21
Maize,0.753,4.4
Maize,0.635,3.84
Maize,0.706,3.98
Maize,0.685,3.52
Maize,0.626,3.63
Maize,0.695,4.15
Maize,0.727,4.04
Maize,0.461,2.64
Maize,0.678,4.05
Maize,0.47,2.0
Maize,0.584,3.16
Maize,0.71,4.08
Maize,0.794,4.82
Maize,0.516,2.95
Maize,0.781,5.0
Maize,0.626,3.45
Maize,0.507,2.36
Maize,0.771,4.83
Maize,0.475,2.55
Maize,0.663,4.05
Maize,0.689,3.9
Maize,0.565,2.9
Maize,0.724,4.37
Maize,0.488,2.56
Maize,0.461,2.19
Maize,0.517,2.55
Maize,0.591,3.45
Maize,0.752,4.16
Maize,0.759,4.75
Maize,0.601,3.15
Maize,0.548,2.79
Maize,0.688,4.13
Maize,0.758,4.6
Maize,0.584,3.12
Maize,0.567,2.96
Maize,0.602,3.03
Maize,0.543,2.78
Maize,0.671,3.88
Maize,0.737,4.68
Maize,0.738,4.41
Maize,0.639,3.45
Maize,0.725,4.38
Maize,0.692,4.34
Maize,0.492,2.14
Maize,0.764,4.31
Maize,0.54,2.79
Maize,0.734,4.34
Maize,0.595,3.09
Maize,0.722,4.67
Maize,0.785,5.0
Maize,0.638,3.86
Maize,0.512,2.34
Maize,0.484,2.01
Maize,0.632,3.86
Maize,0.488,2.6
Maize,0.594,3.17
Maize,0.511,2.52
Maize,0.637,3.71
Maize,0.49,2.71
Maize,0.657,3.56
Maize,0.569,3.39
Maize,0.558,3.08
Maize,0.786,4.69
Maize,0.537,2.41
Maize,0.589,3.49
Maize,0.522,2.55
Maize,0.781,5.0
Maize,0.771,4.27
Maize,0.622,3.83
Maize,0.797,4.96
Maize,0.678,3.82
Maize,0.616,3.54
Maize,0.689,4.23
Maize,0.622,3.73
Maize,0.536,2.75
Maize,0.747,4.31
Maize,0.485,2.21
Maize,0.565,2.95
Maize,0.639,3.72
Maize,0.547,2.77
Maize,0.775,4.57
Maize,0.583,2.84
Maize,0.496,2.05
Maize,0.783,4.61
Maize,0.56,2.65
Maize,0.529,2.62
Maize,0.587,3.19
Maize,0.507,2.2
Maize,0.488,2.51
Maize,0.581,3.32
Maize,0.563,2.94
Maize,0.773,4.98
Maize,0.657,3.65
Maize,0.555,3.02
Maize,0.678,4.1
Maize,0.737,4.45
Maize,0.491,2.77
Maize,0.69,4.06
Maize,0.606,3.21
Maize,0.779,4.92
Maize,0.518,2.3
Maize,0.47,2.21
Maize,0.49,2.48
Maize,0.537,3.03
Maize,0.797,4.53
Maize,0.695,4.32
Maize,0.736,4.14
Maize,0.651,3.75
Maize,0.589,3.15
Maize,0.553,2.96
Maize,0.773,4.63
Maize,0.661,3.76
Maize,0.65,4.1
Maize,0.783,4.49
Maize,0.755,4.8
Maize,0.72,4.47
Maize,0.756,4.34
Maize,0.555,2.6
Maize,0.609,3.42
Maize,0.536,2.74
Maize,0.484,2.4
Maize,0.776,4.85
Maize,0.735,4.55
Maize,0.586,3.43
Maize,0.632,3.62
Maize,0.656,3.55
Maize,0.504,2.44
Maize,0.541,2.82
Maize,0.611,3.3
Maize,0.799,4.98
Maize,0.452,2.13
Maize,0.602,3.08
Maize,0.624,3.62
Maize,0.665,4.18
Maize,0.574,2.86
Maize,0.591,2.89
Maize,0.523,2.76
Maize,0.479,2.34
Maize,0.783,5.0
Maize,0.655,3.77
Maize,0.774,4.89
Maize,0.583,3.25
Maize,0.646,3.77
Maize,0.606,3.1
Maize,0.642,3.78
Maize,0.528,2.26
Maize,0.594,3.15
Maize,0.607,3.14
Maize,0.516,2.71
Maize,0.582,3.0
Maize,0.77,5.0
Maize,0.518,2.88
Maize,0.645,3.68
Maize,0.534,2.27
Maize,0.562,2.78
Maize,0.511,2.5
Maize,0.694,4.21
Maize,0.79,5.0
Maize,0.465,2.25
Maize,0.601,3.19
Maize,0.715,3.97
Maize,0.533,2.84
Maize,0.709,4.2
Maize,0.5,2.47
Maize,0.737,4.46
Maize,0.459,2.09
Maize,0.587,3.15
Maize,0.537,2.55
Maize,0.52,2.6
Maize,0.487,2.06
Maize,0.541,2.78
Maize,0.796,5.0
Maize,0.561,3.08
Maize,0.573,3.1
Maize,0.488,2.51
Maize,0.521,2.75
Maize,0.594,3.41
Maize,0.697,4.26
Maize,0.538,2.64
Maize,0.502,2.08
Maize,0.566,3.25
Maize,0.635,3.66
Maize,0.607,3.16
Maize,0.478,2.06
Maize,0.624,3.39
Maize,0.517,2.52
Maize,0.695,4.21
Maize,0.576,3.16
Maize,0.728,4.49
Maize,0.604,3.03
Maize,0.644,3.75
Maize,0.747,4.64
Maize,0.751,4.43
Maize,0.53,2.44
Maize,0.477,2.22
Maize,0.659,3.63
Maize,0.705,4.14
Maize,0.504,2.0
Maize,0.693,3.83
Maize,0.596,3.38
Maize,0.585,3.16
Maize,0.7,4.34
Maize,0.749,4.66
Maize,0.753,4.97
Maize,0.79,4.96
Maize,0.613,3.36
Maize,0.721,4.46
Maize,0.583,3.01
Maize,0.742,4.4
Maize,0.76,4.84
Maize,0.573,2.98
Maize,0.681,4.06
Maize,0.614,3.44
Maize,0.596,3.35
Maize,0.734,4.17
Maize,0.591,2.82
Maize,0.697,3.8
Maize,0.572,3.23
Maize,0.603,3.25
Maize,0.737,4.78
Maize,0.614,3.23
Maize,0.739,4.02
Maize,0.783,4.98
Maize,0.543,3.02
Maize,0.765,4.52
Maize,0.63,3.92
Maize,0.72,4.67
Maize,0.678,3.74
Maize,0.733,4.51
Maize,0.461,2.12
Maize,0.563,3.12
Maize,0.468,2.0
Maize,0.621,3.41
Maize,0.732,4.41
Maize,0.739,4.5
Maize,0.756,4.82
Maize,0.558,3.0
Maize,0.609,3.18
Maize,0.597,3.67
Maize,0.717,4.28
Maize,0.566,3.03
Maize,0.492,2.0
Maize,0.757,4.45
Maize,0.704,3.88
Maize,0.656,3.8
Maize,0.52,2.73
Maize,0.734,4.51
Maize,0.785,4.78
Maize,0.672,3.95
Maize,0.667,3.55
Maize,0.546,2.92
Maize,0.764,4.7
Maize,0.543,2.61
Maize,0.461,2.46
Maize,0.641,3.61
Maize,0.763,4.57
Maize,0.463,2.09
Maize,0.759,4.57
Maize,0.694,3.95
Maize,0.683,4.09
Maize,0.724,4.65
Maize,0.695,3.61
Maize,0.634,3.89
Maize,0.546,2.74
Maize,0.521,2.83
Maize,0.52,2.22
Maize,0.618,3.39
Maize,0.674,3.91
Maize,0.708,4.51
Maize,0.457,2.15
Maize,0.702,4.32
Maize,0.695,4.26
Maize,0.792,4.9
Maize,0.614,3.26
Maize,0.658,3.94
Maize,0.62,3.29
Maize,0.526,2.64
Maize,0.775,5.0
Maize,0.784,4.77
Maize,0.772,4.76
Maize,0.752,4.71
Maize,0.655,4.01
Maize,0.467,2.2
Maize,0.745,4.51
Maize,0.704,3.89
Maize,0.709,4.14
Maize,0.598,3.19
Maize,0.481,2.13
Maize,0.759,4.83
Maize,0.46,2.12
Maize,0.749,4.67
Maize,0.753,4.59
Maize,0.751,4.35
Maize,0.72,4.34
Maize,0.772,4.76
Maize,0.485,2.1
Maize,0.579,3.28
Maize,0.555,2.88
Maize,0.489,2.39
Maize,0.684,3.94
Maize,0.752,4.46
Maize,0.622,3.5
Maize,0.528,2.82
Maize,0.58,3.22
Maize,0.692,4.15
Maize,0.659,4.15
Maize,0.51,2.41
Maize,0.658,3.44
Maize,0.586,3.36
Maize,0.749,4.34
Maize,0.453,2.0
Maize,0.648,3.62
Maize,0.797,4.68
Maize,0.612,3.28
Maize,0.711,4.16
Maize,0.501,2.64
Maize,0.739,4.37
Maize,0.703,4.38
Maize,0.622,3.56
Maize,0.59,2.97
Maize,0.484,2.0
Maize,0.555,3.1
Maize,0.48,2.24
Maize,0.535,2.7
Maize,0.502,2.89
Maize,0.792,4.96
Maize,0.507,2.6
Maize,0.46,2.24
Maize,0.652,4.02
Maize,0.522,2.53
Maize,0.653,3.9
Maize,0.567,2.87
Maize,0.652,3.95
Maize,0.761,4.79
Maize,0.657,4.14
Maize,0.715,4.14
Maize,0.564,3.15
Maize,0.463,2.44
Maize,0.574,3.02
Maize,0.528,2.79
Maize,0.632,3.73
Maize,0.574,3.2
Maize,0.782,4.71
Maize,0.493,2.21
Maize,0.513,2.89
Maize,0.759,4.7
Maize,0.72,4.38
Maize,0.651,3.7
Maize,0.792,5.0
Maize,0.484,2.42
Maize,0.596,2.75
Maize,0.533,2.7
Maize,0.67,4.14
Maize,0.534,2.96
Maize,0.605,3.34
Maize,0.506,2.46
Maize,0.538,2.84
Maize,0.764,4.91
Maize,0.647,3.91
Maize,0.668,3.93
Maize,0.591,3.56
Maize,0.66,3.88
Maize,0.559,2.81
Maize,0.486,2.31
Maize,0.76,4.5
Maize,0.741,4.59
Maize,0.632,3.06
Maize,0.78,4.58
Maize,0.79,4.86
Maize,0.51,2.5
Maize,0.675,3.91
Maize,0.673,3.91
Maize,0.492,2.2
Maize,0.615,2.7
Maize,0.586,3.19
Maize,0.722,4.21
Maize,0.564,3.16
Maize,0.515,2.36
Maize,0.541,3.02
Maize,0.765,4.45
Maize,0.69,4.09
Maize,0.576,3.09
Maize,0.551,2.72
Maize,0.611,3.31
Maize,0.739,4.37
Maize,0.633,3.26
Maize,0.723,4.04
Maize,0.678,4.12
Maize,0.467,2.02
Maize,0.566,3.08
Maize,0.679,4.15
Maize,0.778,5.0
Maize,0.489,2.35
Maize,0.554,2.89
Maize,0.727,4.35
Maize,0.785,5.0
Maize,0.56,3.07
Maize,0.587,3.58
Maize,0.74,4.63
Maize,0.606,3.22
Maize,0.556,2.97
Maize,0.508,2.69
Maize,0.736,4.12
Maize,0.545,2.63
Maize,0.711,4.0
Maize,0.71,4.45
Maize,0.634,3.57
Maize,0.616,3.73
Maize,0.628,3.5
Maize,0.695,4.44
Maize,0.47,2.25
Maize,0.778,4.71
Maize,0.766,4.77
Maize,0.788,4.71
Maize,0.55,2.64
Maize,0.718,4.31
Maize,0.605,3.54
Maize,0.643,4.05
Maize,0.754,4.44
Maize,0.759,4.56
Maize,0.627,3.71
Maize,0.565,3.16
Maize,0.785,5.0
Maize,0.677,3.99
Maize,0.467,2.3
Maize,0.647,3.55
Maize,0.769,4.49
Maize,0.667,4.01
Maize,0.637,3.58
Maize,0.483,2.38
Maize,0.742,4.6
Maize,0.755,4.3
Maize,0.678,4.15
Maize,0.706,4.4
Maize,0.536,2.35
Maize,0.674,3.77
Maize,0.769,4.25
Maize,0.799,4.93
Maize,0.539,2.85
Maize,0.62,3.38
Maize,0.781,4.75
Maize,0.583,3.27
Maize,0.797,5.0
Maize,0.711,4.37
Maize,0.712,3.96
Maize,0.53,3.0
Maize,0.676,3.79
Maize,0.471,2.23
Maize,0.608,3.37
Maize,0.602,3.5
Maize,0.786,4.91
Maize,0.566,2.53
Maize,0.509,2.77
Maize,0.769,4.68
Maize,0.606,3.49
Maize,0.781,4.83
Maize,0.538,2.48
Maize,0.718,3.97
Maize,0.562,3.43
Maize,0.678,3.72
Maize,0.679,4.03
Maize,0.649,3.49
Maize,0.633,3.73
Maize,0.483,2.56
Maize,0.66,3.54
Maize,0.485,2.42
Maize,0.699,3.96
Maize,0.577,3.17
Maize,0.472,2.0
Maize,0.798,5.0
Maize,0.742,4.34
Maize,0.627,3.62
Maize,0.547,3.04
Maize,0.585,2.56
Maize,0.606,3.26
Maize,0.563,2.81
Maize,0.799,4.98
Maize,0.758,4.18
Maize,0.764,4.9
Maize,0.771,4.51
Maize,0.549,2.83
Maize,0.651,3.65
Maize,0.693,4.0
Maize,0.602,2.88
Maize,0.689,3.76
Maize,0.659,4.11
Maize,0.636,3.73
Maize,0.658,3.53
Maize,0.493,2.41
Maize,0.603,3.32
Maize,0.741,4.52
Maize,0.545,2.55
Maize,0.569,3.07
Maize,0.692,4.42
Maize,0.768,4.54
Maize,0.581,2.47
Maize,0.72,4.39
Maize,0.716,4.18
Maize,0.482,2.24
Maize,0.541,2.81
Maize,0.468,2.0
Maize,0.457,2.41
Maize,0.519,2.36
Maize,0.506,2.58
Maize,0.591,3.14
Maize,0.485,2.42
Maize,0.612,3.4
Maize,0.617,3.32
Maize,0.584,3.34
Maize,0.763,4.46
Maize,0.706,3.9
Maize,0.798,4.82
Maize,0.535,3.0
Maize,0.541,2.7
Maize,0.656,3.58
Maize,0.798,4.93
Maize,0.592,3.52
Maize,0.729,4.49
Maize,0.656,3.82
Maize,0.732,4.07
Maize,0.553,2.65
Maize,0.781,5.0
Maize,0.724,4.46
Maize,0.603,3.44
Maize,0.787,4.85
Maize,0.482,2.52
Maize,0.492,2.01
Maize,0.668,3.78
Maize,0.566,3.12
Maize,0.641,3.44
Maize,0.488,2.14
Maize,0.591,3.02
Maize,0.537,2.47
Maize,0.494,2.33
Maize,0.569,2.6
Maize,0.754,4.67
Maize,0.708,4.0
Maize,0.72,4.54
Maize,0.509,2.94
Maize,0.587,3.05
Maize,0.468,2.0
Maize,0.481,2.34
Maize,0.472,2.36
Maize,0.553,2.63
Maize,0.591,3.58
Maize,0.499,2.63
Maize,0.462,2.39
Maize,0.741,4.49
Maize,0.75,4.54
Maize,0.475,2.12
Maize,0.625,3.42
Maize,0.68,3.87
Maize,0.513,2.78
Maize,0.455,2.0
Maize,0.462,2.29
Maize,0.712,4.2
Maize,0.594,3.24
Maize,0.751,4.24
Maize,0.756,4.71
Maize,0.556,3.06
Maize,0.712,4.3
Barley,0.561,3.23
Barley,0.713,4.49
Barley,0.702,4.23
Barley,0.511,2.49
Barley,0.507,2.73
Barley,0.634,3.43
Barley,0.652,3.73
Barley,0.75,4.5
Barley,0.493,2.45
Barley,0.62,3.82
Barley,0.584,3.45
Barley,0.51,3.05
Barley,0.628,3.72
Barley,0.664,4.04
Barley,0.52,3.06
Barley,0.439,2.19
Barley,0.616,3.4
Barley,0.69,3.6
Barley,0.454,2.55
Barley,0.499,2.69
Barley,0.732,4.32
Barley,0.435,2.0
Barley,0.672,4.28
Barley,0.603,3.96
Barley,0.687,3.94
Barley,0.58,3.24
Barley,0.412,2.07
Barley,0.434,2.38
Barley,0.673,3.87
Barley,0.457,2.4
Barley,0.71,4.28
Barley,0.749,4.46
Barley,0.741,4.29
Barley,0.648,4.01
Barley,0.483,2.62
Barley,0.548,2.85
Barley,0.59,3.59
Barley,0.445,2.97
Barley,0.607,3.67
Barley,0.559,2.91
Barley,0.424,2.0
Barley,0.543,3.34
Barley,0.58,3.32
Barley,0.564,3.37
Barley,0.472,2.44
Barley,0.548,3.13
Barley,0.51,2.47
Barley,0.455,2.55
Barley,0.715,4.14
Barley,0.596,3.3
Barley,0.553,3.05
Barley,0.486,2.8
Barley,0.446,2.77
Barley,0.534,3.04
Barley,0.558,3.17
Barley,0.512,2.55
Barley,0.56,3.14
Barley,0.618,3.61
Barley,0.729,4.43
Barley,0.739,4.5
Barley,0.56,3.33
Barley,0.574,3.18
Barley,0.438,2.0
Barley,0.464,2.34
Barley,0.47,2.44
Barley,0.438,2.48
Barley,0.542,3.19
Barley,0.417,2.28
Barley,0.693,4.11
Barley,0.669,4.2
Barley,0.505,2.6
Barley,0.677,4.13
Barley,0.698,4.11
Barley,0.567,3.08
Barley,0.566,3.29
Barley,0.405,2.0
Barley,0.418,2.51
Barley,0.462,2.0
Barley,0.722,4.22
Barley,0.509,2.56
Barley,0.596,3.52
Barley,0.58,3.2
Barley,0.417,2.0
Barley,0.66,3.69
Barley,0.747,4.5
Barley,0.61,3.61
Barley,0.589,2.97
Barley,0.509,2.92
Barley,0.471,2.48
Barley,0.436,2.05
Barley,0.439,2.41
Barley,0.636,3.51
Barley,0.557,3.43
Barley,0.473,2.32
Barley,0.569,2.91
Barley,0.426,2.26
Barley,0.524,2.62
Barley,0.612,3.39
Barley,0.44,2.31
Barley,0.634,3.93
Barley,0.717,4.25
Barley,0.45,2.47
Barley,0.566,3.14
Barley,0.707,4.05
Barley,0.452,2.23
Barley,0.481,2.45
Barley,0.494,2.54
Barley,0.543,2.66
Barley,0.515,3.13
Barley,0.748,4.39
Barley,0.601,3.47
Barley,0.458,2.31
Barley,0.563,3.29
Barley,0.54,3.07
Barley,0.603,3.28
Barley,0.645,3.77
Barley,0.638,3.89
Barley,0.425,2.18
Barley,0.743,4.5
Barley,0.514,2.9
Barley,0.544,2.97
Barley,0.706,4.33
Barley,0.619,3.58
Barley,0.569,3.21
Barley,0.746,4.5
Barley,0.601,3.23
Barley,0.694,4.02
Barley,0.695,4.22
Barley,0.468,2.49
Barley,0.55,3.37
Barley,0.623,3.73
Barley,0.482,2.41
Barley,0.482,2.42
Barley,0.699,4.02
Barley,0.424,2.16
Barley,0.545,2.8
Barley,0.433,2.31
Barley,0.644,3.51
Barley,0.466,2.99
Barley,0.747,4.48
Barley,0.606,3.71
Barley,0.613,3.7
Barley,0.447,2.02
Barley,0.696,3.95
Barley,0.494,2.54
Barley,0.435,2.25
Barley,0.489,2.25
Barley,0.558,3.27
Barley,0.527,3.03
Barley,0.406,2.13
Barley,0.437,2.49
Barley,0.431,2.12
Barley,0.408,2.0
Barley,0.598,3.36
Barley,0.552,3.0
Barley,0.406,2.0
Barley,0.625,3.64
Barley,0.75,4.43
Barley,0.54,3.09
Barley,0.533,3.08
Barley,0.633,3.62
Barley,0.731,4.47
Barley,0.411,2.16
Barley,0.416,2.16
Barley,0.453,2.55
Barley,0.724,4.32
Barley,0.511,2.64
Barley,0.593,3.65
Barley,0.591,3.25
Barley,0.735,4.5
Barley,0.447,2.31
Barley,0.473,2.76
Barley,0.492,2.4
Barley,0.409,2.08
Barley,0.417,2.0
Barley,0.607,3.35
Barley,0.604,3.56
Barley,0.618,3.16
Barley,0.411,2.26
Barley,0.568,3.21
Barley,0.473,2.35
Barley,0.601,3.28
Barley,0.466,2.66
Barley,0.416,2.02
Barley,0.405,2.12
Barley,0.629,4.01
Barley,0.43,2.45
Barley,0.461,2.76
Barley,0.548,3.44
Barley,0.749,4.43
Barley,0.625,3.37
Barley,0.573,3.05
Barley,0.597,3.38
Barley,0.5,2.53
Barley,0.609,3.47
Barley,0.441,2.17
Barley,0.669,3.96
Barley,0.538,3.05
Barley,0.429,2.0
Barley,0.68,3.97
Barley,0.634,3.91
Barley,0.712,4.5
Barley,0.705,3.9
Barley,0.634,3.94
Barley,0.444,2.0
Barley,0.447,2.43
Barley,0.579,3.36
Barley,0.61,3.39
Barley,0.466,2.18
Barley,0.523,3.0
Barley,0.479,2.66
Barley,0.548,3.05
Barley,0.712,4.31
Barley,0.637,3.58
Barley,0.644,3.83
Barley,0.437,2.05
Barley,0.66,3.67
Barley,0.74,4.43
Barley,0.652,3.78
Barley,0.547,2.99
Barley,0.438,2.34
Barley,0.553,3.22
Barley,0.613,3.51
Barley,0.641,3.68
Barley,0.415,2.02
Barley,0.621,3.12
Barley,0.416,2.03
Barley,0.628,3.75
Barley,0.504,3.13
Barley,0.456,2.18
Barley,0.617,4.12
Barley,0.441,2.19
Barley,0.563,2.94
Barley,0.421,2.09
Barley,0.673,3.74
Barley,0.455,2.3
Barley,0.406,2.05
Barley,0.502,2.73
Barley,0.584,3.18
Barley,0.721,4.09
Barley,0.504,2.87
Barley,0.566,3.36
Barley,0.642,4.23
Barley,0.508,2.75
Barley,0.475,2.1
Barley,0.446,2.14
Barley,0.514,2.82
Barley,0.433,2.21
Barley,0.48,2.36
Barley,0.514,2.82
Barley,0.502,2.88
Barley,0.594,3.16
Barley,0.418,2.26
Barley,0.466,2.29
Barley,0.538,2.92
Barley,0.46,2.0
Barley,0.696,4.14
Barley,0.497,2.56
Barley,0.655,4.13
Barley,0.408,2.22
Barley,0.429,2.25
Barley,0.678,4.14
Barley,0.746,4.5
Barley,0.538,3.07
Barley,0.428,2.29
Barley,0.7,4.33
Barley,0.646,3.54
Barley,0.426,2.52
Barley,0.701,4.12
Barley,0.679,3.87
Barley,0.671,3.96
Barley,0.737,4.45
Barley,0.416,2.01
Barley,0.44,2.27
Barley,0.572,3.09
Barley,0.408,2.06
Barley,0.631,3.78
Barley,0.58,3.34
Barley,0.497,2.61
Barley,0.734,4.41
Barley,0.437,2.19
Barley,0.526,2.73
Barley,0.485,2.75
Barley,0.437,2.08
Barley,0.706,4.46
Barley,0.727,4.5
Barley,0.535,2.53
Barley,0.635,3.32
Barley,0.537,2.73
Barley,0.537,3.23
Barley,0.681,3.64
Barley,0.745,4.5
Barley,0.42,2.16
Barley,0.463,2.61
Barley,0.723,4.24
Barley,0.573,3.33
Barley,0.456,2.17
Barley,0.442,2.4
Barley,0.428,2.16
Barley,0.627,3.64
Barley,0.74,4.49
Barley,0.717,4.38
Barley,0.49,2.86
Barley,0.563,3.08
Barley,0.553,3.23
Barley,0.624,3.71
Barley,0.531,2.92
Barley,0.687,3.76
Barley,0.747,4.43
Barley,0.679,4.0
Barley,0.457,2.59
Barley,0.636,3.66
Barley,0.471,2.6
Barley,0.501,2.46
Barley,0.7,4.29
Barley,0.469,2.56
Barley,0.659,3.93
Barley,0.643,3.99
Barley,0.648,3.83
Barley,0.67,3.89
Barley,0.461,2.59
Barley,0.47,2.4
Barley,0.435,2.06
Barley,0.636,3.58
Barley,0.704,3.98
Barley,0.51,3.02
Barley,0.528,3.21
Barley,0.473,2.58
Barley,0.618,3.25
Barley,0.735,4.26
Barley,0.734,4.5
Barley,0.45,2.6
Barley,0.688,4.0
Barley,0.622,3.83
Barley,0.684,3.65
Barley,0.625,3.85
Barley,0.504,2.79
Barley,0.412,2.0
Barley,0.515,2.55
Barley,0.647,4.02
Barley,0.532,2.93
Barley,0.471,2.71
Barley,0.412,2.51
Barley,0.587,3.58
Barley,0.483,2.36
Barley,0.435,2.24
Barley,0.742,4.48
Barley,0.72,4.34
Barley,0.693,4.12
Barley,0.583,3.09
Barley,0.723,4.36
Barley,0.664,3.82
Barley,0.577,3.56
Barley,0.703,4.1
Barley,0.679,3.91
Barley,0.593,3.38
Barley,0.455,2.6
Barley,0.428,2.38
Barley,0.528,3.04
Barley,0.642,3.41
Barley,0.525,3.34
Barley,0.453,2.7
Barley,0.651,3.45
Barley,0.61,3.62
Barley,0.496,2.82
Barley,0.461,2.44
Barley,0.53,3.18
Barley,0.517,2.85
Barley,0.656,3.77
Barley,0.593,3.52
Barley,0.739,4.5
Barley,0.659,3.65
Barley,0.606,3.59
Barley,0.705,4.27
Barley,0.536,2.81
Barley,0.741,4.07
Barley,0.651,3.52
Barley,0.471,2.45
Barley,0.716,4.5
Barley,0.653,3.84
Barley,0.5,2.66
Barley,0.737,4.09
Barley,0.611,3.69
Barley,0.516,2.64
Barley,0.656,3.85
Barley,0.629,3.58
Barley,0.714,4.07
Barley,0.459,2.62
Barley,0.671,4.03
Barley,0.525,2.77
Barley,0.414,2.16
Barley,0.721,4.5
Barley,0.731,4.5
Barley,0.535,2.91
Barley,0.668,3.77
Barley,0.643,3.35
Barley,0.554,3.16
Barley,0.642,3.42
Barley,0.628,3.85
Barley,0.487,2.72
Barley,0.436,2.04
Barley,0.404,2.0
Barley,0.746,4.33
Barley,0.731,4.43
Barley,0.64,3.76
Barley,0.694,4.39
Barley,0.501,2.71
Barley,0.689,3.9
Barley,0.559,2.95
Barley,0.553,2.99
Barley,0.417,2.31
Barley,0.735,4.13
Barley,0.456,2.08
Barley,0.639,3.67
Barley,0.67,4.2
Barley,0.42,2.45
Barley,0.49,2.94
Barley,0.689,4.18
Barley,0.692,4.5
Barley,0.61,3.38
Barley,0.63,4.0
Barley,0.546,3.1
Barley,0.43,2.71
Barley,0.607,3.59
Barley,0.622,3.55
Barley,0.739,4.48
Barley,0.509,2.96
Barley,0.602,3.45
Barley,0.459,2.26
Barley,0.475,2.47
Barley,0.719,4.29
Barley,0.501,2.85
Barley,0.627,3.58
Barley,0.722,4.05
Barley,0.697,4.08
Barley,0.456,2.31
Barley,0.544,2.78
Barley,0.558,3.25
Barley,0.741,4.08
Barley,0.556,3.33
Barley,0.642,3.58
Barley,0.691,3.97
Barley,0.615,3.38
Barley,0.673,4.09
Barley,0.422,2.1
Barley,0.733,4.5
Barley,0.73,4.49
Barley,0.735,4.5
Barley,0.583,3.27
Barley,0.604,3.7
Barley,0.661,4.03
Barley,0.517,2.64
Barley,0.489,2.98
Barley,0.464,2.24
Barley,0.605,3.31
Barley,0.526,2.87
Barley,0.448,2.67
Barley,0.525,3.13
Barley,0.617,3.88
Barley,0.712,4.3
Barley,0.442,2.36
Barley,0.551,2.85
Barley,0.647,3.72
Barley,0.577,3.26
Barley,0.418,2.17
Barley,0.411,2.0
Barley,0.661,3.51
Barley,0.731,4.01
Barley,0.439,2.12
Barley,0.59,3.26
Barley,0.671,3.93
Barley,0.489,2.65
Barley,0.731,4.5
Barley,0.562,3.11
Barley,0.715,4.5
Barley,0.646,3.62
Barley,0.563,3.02
Barley,0.513,2.86
Barley,0.743,4.5
Barley,0.662,4.03
Barley,0.723,4.32
Barley,0.719,4.26
Barley,0.581,3.56
Barley,0.576,3.15
Barley,0.743,4.33
Barley,0.526,2.85
Barley,0.69,4.31
Barley,0.705,4.19
Barley,0.661,3.85
Barley,0.738,4.5
Barley,0.546,3.14
Barley,0.526,3.1
Barley,0.614,3.85
Barley,0.434,2.29
Barley,0.6,3.23
Barley,0.695,3.88
Barley,0.44,2.52
Barley,0.449,2.82
Barley,0.681,4.3
Barley,0.474,2.26
Barley,0.684,4.03
Barley,0.589,3.39
Barley,0.466,2.41
Barley,0.596,3.41
Barley,0.629,3.07
Barley,0.523,2.91
Barley,0.736,4.34
Barley,0.683,4.02
Barley,0.527,3.13
Barley,0.518,3.18
Barley,0.43,2.35
Barley,0.603,3.68
Barley,0.457,2.4
Barley,0.729,4.5
Barley,0.413,2.25
Barley,0.748,4.18
Barley,0.464,2.31
Barley,0.414,2.0
Barley,0.493,2.91
Barley,0.523,2.6
Barley,0.702,4.11
Barley,0.68,3.93
Barley,0.473,2.55
Barley,0.555,3.46
Barley,0.43,2.17
Barley,0.466,2.55
Barley,0.534,2.85
Barley,0.71,4.19
Barley,0.489,2.64
Barley,0.541,2.75
Barley,0.498,2.83
Barley,0.589,3.4
Barley,0.728,3.94
Barley,0.454,2.59
Barley,0.44,2.11
Barley,0.535,2.87
Barley,0.734,4.36
Barley,0.618,3.54
Barley,0.624,3.39
Barley,0.741,4.21
Barley,0.481,2.36
Barley,0.66,4.11
Barley,0.618,3.53
Barley,0.735,4.5
Barley,0.471,2.38
Barley,0.734,4.44
Barley,0.513,2.94
Barley,0.591,3.21
Barley,0.646,3.5
Barley,0.547,3.01
Barley,0.581,3.76
Barley,0.542,3.21
Barley,0.42,2.11
Barley,0.73,4.46
Barley,0.547,3.2
Barley,0.502,2.18
Barley,0.518,3.04
Barley,0.645,3.71
Barley,0.54,3.1
Barley,0.614,3.37
Barley,0.636,3.5
Barley,0.668,3.83
Barley,0.548,2.85
Barley,0.423,2.11
Barley,0.492,2.5
Barley,0.605,3.3
Barley,0.675,3.89
Barley,0.649,3.69
Barley,0.498,3.14
Barley,0.709,4.33
Barley,0.42,2.17
Barley,0.538,2.84
Barley,0.434,2.16
Barley,0.569,3.46
Barley,0.648,3.83
Barley,0.469,2.45
Barley,0.675,4.15
Barley,0.747,4.32
Barley,0.553,3.18
Barley,0.542,3.03
Barley,0.428,2.38
Barley,0.707,4.29
Barley,0.599,2.96
Barley,0.737,4.49
Barley,0.503,2.41
Barley,0.689,4.05
Barley,0.42,2.21
Barley,0.707,4.28
Barley,0.478,2.68
Barley,0.415,2.18
Barley,0.645,3.83
Barley,0.699,4.17
Barley,0.502,2.67
Barley,0.413,2.43
Barley,0.726,4.46
Barley,0.739,4.46
Barley,0.483,2.86
Barley,0.407,2.27
Barley,0.573,3.43
Barley,0.746,4.28
Barley,0.471,2.6
Barley,0.487,2.64
Barley,0.445,2.18
Barley,0.436,2.23
Barley,0.588,3.58
Barley,0.608,3.63
Barley,0.542,2.85
Barley,0.721,4.4
Barley,0.664,4.04
Barley,0.503,2.67
Barley,0.718,4.16
Barley,0.469,2.36
Barley,0.47,2.65
Barley,0.746,4.5
Barley,0.726,4.1
Barley,0.506,2.4
Barley,0.636,3.63
Barley,0.72,3.99
Barley,0.69,3.95
Barley,0.535,3.1
Barley,0.537,2.88
Barley,0.41,2.0
Barley,0.428,2.0
Barley,0.599,3.21
Barley,0.74,4.43
Barley,0.713,4.5
Barley,0.706,4.23
Barley,0.724,4.09
Barley,0.712,4.29
Barley,0.691,4.02
Barley,0.412,2.0
Barley,0.53,2.85
Barley,0.405,2.08
Barley,0.409,2.11
Barley,0.6,3.34
Barley,0.415,2.03
Barley,0.469,2.36
Barley,0.62,3.72
Barley,0.496,2.69
Barley,0.54,3.32
Barley,0.701,4.1
Barley,0.532,2.98
Barley,0.493,2.7
Barley,0.445,2.1
Barley,0.453,2.03
Barley,0.654,4.06
Barley,0.472,2.42
Barley,0.481,2.52
Barley,0.573,3.21
Barley,0.668,3.72
Barley,0.585,3.64
Barley,0.61,3.6
Barley,0.702,4.06
Barley,0.453,2.3
Barley,0.432,2.05
Barley,0.711,4.34
Barley,0.731,4.48
Barley,0.416,2.14
Barley,0.534,3.29
Barley,0.481,2.3
Barley,0.623,3.83
Barley,0.574,3.3
Barley,0.646,3.68
Barley,0.441,2.44
Barley,0.537,2.89
Barley,0.51,2.83
Barley,0.578,3.56
Barley,0.424,2.16
Barley,0.549,3.2
Barley,0.452,2.39
Barley,0.726,4.4
Barley,0.516,2.75
Barley,0.449,2.55
Barley,0.465,2.46
Barley,0.621,4.03
Barley,0.683,3.94
Barley,0.448,2.47
Barley,0.461,2.36
Barley,0.429,2.05
Barley,0.453,2.27
Barley,0.715,4.23
Barley,0.596,3.74
Barley,0.7,4.19
Barley,0.708,4.06
Barley,0.715,4.17
Barley,0.708,4.35
Barley,0.561,3.46
Barley,0.566,3.04
Barley,0.528,3.05
Barley,0.678,3.84
Barley,0.604,3.5
Barley,0.57,3.03
Barley,0.504,2.55
Barley,0.607,3.57
Barley,0.604,3.19
Barley,0.562,3.28
Barley,0.535,3.02
Barley,0.566,3.33
Barley,0.486,2.3
Barley,0.433,2.61
Barley,0.514,2.61
Barley,0.721,4.19
Barley,0.429,2.42
Barley,0.69,4.11
Barley,0.472,2.42
Barley,0.592,3.34
Barley,0.499,2.53
Barley,0.574,3.42
Barley,0.438,2.18
Barley,0.413,2.26
Barley,0.505,2.62
Barley,0.449,2.59
Barley,0.554,3.09
Barley,0.534,3.08
Barley,0.643,3.49
Barley,0.486,2.48
Barley,0.541,2.84
Barley,0.566,3.21
Barley,0.671,3.97
Barley,0.405,2.0
Barley,0.709,3.87
Barley,0.515,3.15
Barley,0.741,4.5
Barley,0.595,3.65
Barley,0.467,2.21
Barley,0.646,3.62
Barley,0.583,3.45
Barley,0.474,2.59
Barley,0.466,2.52
Barley,0.515,2.63
Barley,0.595,3.31
Barley,0.623,3.37
Barley,0.71,4.41
Barley,0.669,3.96
Barley,0.649,3.93
Barley,0.44,2.25
Barley,0.418,2.55
Barley,0.497,2.7
Barley,0.599,3.66
Barley,0.69,3.8
Barley,0.631,3.74
Barley,0.586,3.71
Barley,0.57,3.33
Barley,0.63,3.23
Barley,0.44,2.24
Barley,0.747,4.17
Barley,0.551,3.23
Barley,0.554,3.26
Barley,0.437,2.36
Barley,0.5,2.78
Barley,0.715,4.2
Barley,0.599,3.57
Barley,0.46,2.13
Barley,0.417,2.0
Barley,0.734,4.5
Barley,0.465,2.66
Barley,0.522,2.68
Barley,0.644,3.83
Barley,0.442,2.46
Barley,0.481,2.38
Barley,0.575,3.22
Barley,0.683,3.81
Barley,0.496,2.88
Barley,0.537,2.55
Barley,0.706,4.26
Barley,0.484,2.86
Barley,0.456,2.55
Barley,0.41,2.0
Barley,0.457,2.49
Barley,0.6,3.55
Barley,0.541,3.07
Barley,0.713,4.29
Barley,0.516,2.75
Barley,0.631,3.57
Barley,0.747,4.37
Barley,0.622,3.47
Barley,0.527,2.87
Barley,0.621,3.64
Barley,0.609,3.51
Barley,0.682,4.33
Barley,0.401,2.0
Barley,0.604,3.67
Barley,0.701,4.05
Barley,0.522,2.91
Barley,0.638,3.95
Barley,0.528,3.13
Barley,0.546,3.16
Barley,0.483,2.55
Barley,0.559,3.41
Barley,0.46,2.06
Barley,0.636,3.74
Barley,0.453,2.3
Barley,0.737,4.17
Barley,0.541,3.35
Barley,0.493,2.91
Barley,0.632,3.57
Barley,0.486,2.36
Barley,0.481,2.24
Barley,0.503,2.6
Barley,0.541,3.04
Barley,0.539,2.92
Barley,0.491,2.78
Barley,0.481,2.67
Barley,0.747,4.34
Barley,0.544,2.96
Barley,0.644,4.04
Barley,0.553,2.85
Barley,0.403,2.0
Barley,0.463,2.66
Barley,0.683,4.07
Barley,0.695,3.97
Barley,0.58,3.42
Barley,0.7,3.96
Barley,0.44,2.65
Barley,0.411,2.0
Barley,0.468,2.55
Barley,0.592,3.07
Barley,0.617,3.59
Barley,0.733,4.18
Barley,0.575,3.18
Barley,0.441,2.36
Barley,0.62,3.2
Barley,0.421,2.0
Barley,0.7,4.11
Barley,0.524,2.94
Barley,0.545,3.33
Barley,0.445,2.19
Barley,0.421,2.25
Barley,0.52,3.1
Barley,0.597,3.0
Barley,0.588,3.48
Barley,0.594,3.66
Barley,0.641,4.01
Barley,0.581,3.21
Barley,0.588,3.37
Barley,0.748,4.48
Barley,0.452,2.63
Barley,0.706,4.4
Barley,0.505,3.04
Barley,0.405,2.0
Barley,0.565,2.86
Barley,0.661,3.88
Barley,0.511,2.76
Barley,0.578,2.97
Barley,0.747,4.36
Barley,0.602,3.55
Barley,0.495,2.31
Barley,0.665,3.99
Barley,0.749,4.29
Barley,0.577,3.44
Barley,0.403,2.03
Barley,0.674,3.9
Barley,0.504,2.91
Barley,0.624,3.63
Barley,0.704,4.02
Barley,0.55,3.02
Barley,0.442,2.57
Barley,0.55,2.89
Barley,0.502,3.07
Barley,0.441,2.23
Barley,0.707,4.38
Barley,0.581,3.31
Barley,0.715,4.5
Barley,0.554,3.03
Barley,0.533,2.45
Barley,0.48,2.67
Barley,0.515,2.27
Barley,0.549,3.08
Barley,0.516,2.63
Barley,0.729,4.17
Barley,0.458,2.24
Barley,0.603,3.55
Barley,0.539,2.98
Barley,0.592,3.28
Barley,0.67,4.15
Barley,0.693,4.03
Barley,0.504,2.71
Barley,0.505,2.56
Barley,0.552,3.28
Barley,0.459,2.43
Barley,0.581,3.49
Barley,0.453,2.69
Barley,0.459,2.62
Barley,0.646,3.7
Barley,0.486,2.91
Barley,0.51,2.89
Barley,0.649,3.53
Barley,0.511,2.96
Barley,0.528,2.81
Barley,0.581,3.28
Barley,0.631,3.38
Barley,0.613,3.21
Barley,0.488,2.6
Barley,0.437,2.41
Barley,0.596,3.49
Barley,0.488,2.61
Barley,0.517,3.04
Barley,0.49,2.74
Barley,0.547,3.06
Barley,0.549,3.24
Barley,0.525,2.9
Barley,0.473,2.3
Barley,0.418,2.12
Barley,0.524,2.67
Barley,0.726,4.14
Barley,0.433,2.38
Barley,0.427,2.0
Barley,0.412,2.0
Barley,0.405,2.38
Barley,0.649,3.64
Barley,0.677,3.74
Barley,0.454,2.01
Barley,0.472,2.38
Barley,0.565,3.47
Barley,0.47,2.42
Barley,0.512,2.67
Barley,0.73,4.28
Barley,0.641,3.85
Barley,0.6,3.64
Barley,0.483,2.32
Barley,0.513,2.77
Barley,0.722,4.15
Barley,0.482,2.64
Barley,0.74,4.5
Barley,0.516,2.95
Barley,0.439,2.2
Barley,0.535,2.95
Barley,0.694,4.05
Barley,0.668,3.81
Barley,0.485,2.53
Barley,0.62,3.63
Barley,0.417,2.09
Barley,0.564,3.16
Barley,0.716,4.44
Barley,0.62,3.78
Barley,0.621,3.34
Barley,0.715,4.19
Barley,0.574,3.28
Barley,0.56,3.13
Barley,0.458,2.39
Barley,0.476,2.59
Barley,0.509,2.6
Barley,0.548,3.27
Barley,0.589,3.09
Barley,0.733,4.5
Barley,0.401,2.32
Barley,0.614,3.49
Barley,0.464,2.31
Barley,0.403,2.06
Barley,0.408,2.0
Barley,0.722,4.18
Barley,0.637,3.85
Barley,0.53,2.94
Barley,0.745,4.45
Barley,0.638,3.57
Barley,0.669,4.08
Barley,0.459,2.34
Barley,0.402,2.01
Barley,0.544,2.98
Barley,0.537,3.1
Barley,0.571,3.66
Barley,0.481,2.35
Barley,0.648,3.73
Barley,0.744,4.3
Barley,0.478,2.43
Barley,0.526,3.2
Barley,0.627,3.66
Barley,0.639,3.5
Barley,0.673,4.38
Barley,0.577,3.07
Barley,0.578,3.06
Barley,0.488,2.72
Barley,0.455,2.5
Barley,0.501,2.8
Barley,0.473,2.4
Barley,0.673,3.92
Barley,0.518,2.99
Barley,0.74,4.33
Barley,0.712,4.09
Barley,0.71,4.14
Barley,0.73,4.38
Barley,0.715,4.28
Barley,0.683,3.75
Barley,0.718,4.38
Barley,0.472,2.57
Barley,0.499,2.8
Barley,0.505,2.81
Barley,0.723,4.5
Barley,0.595,3.13
Barley,0.667,3.49
Barley,0.473,2.42
Barley,0.563,3.54
Barley,0.692,4.18
Barley,0.661,3.75
Barley,0.699,4.22
Barley,0.523,3.35
Barley,0.419,2.07
Barley,0.661,3.98
Barley,0.575,3.42
Barley,0.413,2.0
Soybean,0.687,3.08
Soybean,0.505,2.09
Soybean,0.835,3.61
Soybean,0.737,3.51
Soybean,0.618,2.74
Soybean,0.737,3.74
Soybean,0.629,2.89
Soybean,0.555,2.53
Soybean,0.676,3.1
Soybean,0.651,2.59
Soybean,0.617,2.64
Soybean,0.71,3.25
Soybean,0.663,2.97
Soybean,0.817,3.74
Soybean,0.532,2.0
Soybean,0.668,2.7
Soybean,0.789,3.86
Soybean,0.844,3.78
Soybean,0.578,2.39
Soybean,0.758,3.47
Soybean,0.714,3.32
Soybean,0.725,3.21
Soybean,0.809,3.62
Soybean,0.603,3.03
Soybean,0.595,2.69
Soybean,0.785,3.59
Soybean,0.592,2.48
Soybean,0.83,4.0
Soybean,0.545,2.61
Soybean,0.83,3.72
Soybean,0.79,3.58
Soybean,0.832,4.0
Soybean,0.56,2.23
Soybean,0.731,3.52
Soybean,0.723,2.95
Soybean,0.813,3.5
Soybean,0.621,3.06
Soybean,0.684,2.72
Soybean,0.531,2.0
Soybean,0.629,2.73
Soybean,0.601,2.83
Soybean,0.51,2.0
Soybean,0.561,2.67
Soybean,0.596,2.62
Soybean,0.533,2.0
Soybean,0.779,3.66
Soybean,0.522,2.01
Soybean,0.817,3.77
Soybean,0.717,3.65
Soybean,0.502,2.01
Soybean,0.64,2.54
Soybean,0.737,3.21
Soybean,0.622,2.6
Soybean,0.607,2.79
Soybean,0.561,2.54
Soybean,0.762,3.42
Soybean,0.52,2.0
Soybean,0.676,2.92
Soybean,0.825,3.43
Soybean,0.681,2.82
Soybean,0.528,2.0
Soybean,0.745,3.28
Soybean,0.545,2.5
Soybean,0.745,3.53
Soybean,0.621,2.43
Soybean,0.548,2.15
Soybean,0.61,2.3
Soybean,0.669,2.53
Soybean,0.711,3.0
Soybean,0.513,2.3
Soybean,0.56,2.58
Soybean,0.736,3.43
Soybean,0.647,2.6
Soybean,0.604,2.8
Soybean,0.581,2.42
Soybean,0.703,3.37
Soybean,0.798,4.0
Soybean,0.801,3.73
Soybean,0.581,2.59
Soybean,0.661,3.06
Soybean,0.613,2.69
Soybean,0.716,3.32
Soybean,0.71,3.2
Soybean,0.789,4.0
Soybean,0.644,2.9
Soybean,0.546,2.08
Soybean,0.538,2.24
Soybean,0.576,2.56
Soybean,0.829,4.0
Soybean,0.531,2.14
Soybean,0.842,3.84
Soybean,0.713,3.3
Soybean,0.801,3.49
Soybean,0.595,2.42
Soybean,0.611,2.78
Soybean,0.805,3.65
Soybean,0.812,3.64
Soybean,0.693,3.05
Soybean,0.78,3.63
Soybean,0.544,2.17
Soybean,0.531,2.11
Soybean,0.78,3.43
Soybean,0.546,2.32
Soybean,0.82,3.84
Soybean,0.755,3.84
Soybean,0.622,2.79
Soybean,0.69,3.11
Soybean,0.82,4.0
Soybean,0.656,2.8
Soybean,0.828,3.98
Soybean,0.81,3.69
Soybean,0.559,2.18
Soybean,0.723,3.23
Soybean,0.537,2.43
Soybean,0.74,3.66
Soybean,0.524,2.06
Soybean,0.737,3.19
Soybean,0.515,2.0
Soybean,0.544,2.06
Soybean,0.538,2.26
Soybean,0.576,2.25
Soybean,0.627,2.86
Soybean,0.775,3.48
Soybean,0.839,3.81
Soybean,0.656,2.57
Soybean,0.833,3.78
Soybean,0.636,2.89
Soybean,0.549,2.59
Soybean,0.511,2.0
Soybean,0.72,3.44
Soybean,0.634,2.5
Soybean,0.76,3.59
Soybean,0.826,3.98
Soybean,0.673,3.26
Soybean,0.502,2.29
Soybean,0.534,2.02
Soybean,0.778,3.69
Soybean,0.68,2.98
Soybean,0.515,2.01
Soybean,0.528,2.11
Soybean,0.767,3.24
Soybean,0.672,3.06
Soybean,0.765,3.75
Soybean,0.7,2.88
Soybean,0.772,3.77
Soybean,0.707,3.16
Soybean,0.753,3.13
Soybean,0.678,3.28
Soybean,0.614,2.0
Soybean,0.822,3.62
Soybean,0.535,2.42
Soybean,0.845,4.0
Soybean,0.529,2.11
Soybean,0.813,3.81
Soybean,0.642,2.49
Soybean,0.846,4.0
Soybean,0.611,2.44
Soybean,0.707,3.38
Soybean,0.526,2.37
Soybean,0.756,3.58
Soybean,0.588,2.41
Soybean,0.694,2.99
Soybean,0.819,3.75
Soybean,0.759,3.41
Soybean,0.713,3.1
Soybean,0.766,3.72
Soybean,0.693,3.07
Soybean,0.599,3.09
Soybean,0.759,3.4
Soybean,0.808,3.83
Soybean,0.678,2.89
Soybean,0.591,2.77
Soybean,0.612,2.53
Soybean,0.581,2.49
Soybean,0.529,2.14
Soybean,0.631,2.7
Soybean,0.732,3.32
Soybean,0.85,3.99
Soybean,0.804,3.97
Soybean,0.809,3.62
Soybean,0.576,2.42
Soybean,0.538,2.23
Soybean,0.514,2.19
Soybean,0.811,4.0
Soybean,0.545,2.67
Soybean,0.609,2.69
Soybean,0.778,3.46
Soybean,0.74,3.36
Soybean,0.544,2.13
Soybean,0.698,3.21
Soybean,0.65,2.65
Soybean,0.624,3.03
Soybean,0.542,2.31
Soybean,0.703,3.23
Soybean,0.828,3.93
Soybean,0.702,3.42
Soybean,0.845,3.45
Soybean,0.712,3.17
Soybean,0.62,2.8
Soybean,0.58,2.4
Soybean,0.771,3.55
Soybean,0.663,3.01
Soybean,0.847,3.9
Soybean,0.741,3.45
Soybean,0.634,2.86
Soybean,0.747,3.29
Soybean,0.626,2.65
Soybean,0.809,3.74
Soybean,0.661,3.11
Soybean,0.55,2.48
Soybean,0.566,2.4
Soybean,0.82,3.64
Soybean,0.727,3.05
Soybean,0.54,2.27
Soybean,0.685,2.98
Soybean,0.529,2.31
Soybean,0.556,2.21
Soybean,0.816,3.61
Soybean,0.54,2.46
Soybean,0.612,2.69
Soybean,0.553,2.27
Soybean,0.602,2.37
Soybean,0.568,2.22
Soybean,0.676,2.97
Soybean,0.716,2.7
Soybean,0.635,2.83
Soybean,0.64,3.05
Soybean,0.814,3.68
Soybean,0.695,2.67
Soybean,0.78,3.73
Soybean,0.771,3.6
Soybean,0.769,3.57
Soybean,0.747,3.5
Soybean,0.695,3.42
Soybean,0.721,3.32
Soybean,0.511,2.0
Soybean,0.555,2.13
Soybean,0.586,2.25
Soybean,0.738,3.12
Soybean,0.613,2.75
Soybean,0.627,2.89
Soybean,0.602,2.81
Soybean,0.58,2.27
Soybean,0.821,3.81
Soybean,0.702,2.94
Soybean,0.714,3.2
Soybean,0.836,3.84
Soybean,0.77,3.28
Soybean,0.842,3.62
Soybean,0.524,2.0
Soybean,0.698,3.03
Soybean,0.721,3.31
Soybean,0.696,2.98
Soybean,0.716,3.28
Soybean,0.679,3.12
Soybean,0.62,2.84
Soybean,0.567,2.33
Soybean,0.506,2.0
Soybean,0.512,2.21
Soybean,0.683,3.23
Soybean,0.835,4.0
Soybean,0.758,3.38
Soybean,0.529,2.06
Soybean,0.579,2.49
Soybean,0.696,2.81
Soybean,0.72,3.26
Soybean,0.753,2.97
Soybean,0.534,2.09
Soybean,0.625,2.57
Soybean,0.584,2.5
Soybean,0.823,3.48
Soybean,0.604,2.71
Soybean,0.574,2.55
Soybean,0.57,2.33
Soybean,0.545,2.46
Soybean,0.76,3.36
Soybean,0.571,2.0
Soybean,0.677,2.76
Soybean,0.774,3.57
Soybean,0.8,3.59
Soybean,0.573,2.43
Soybean,0.813,4.0
Soybean,0.642,2.97
Soybean,0.778,3.53
Soybean,0.641,2.81
Soybean,0.585,2.75
Soybean,0.658,2.56
Soybean,0.68,2.97
Soybean,0.629,2.61
Soybean,0.681,3.13
Soybean,0.706,3.02
Soybean,0.669,3.29
Soybean,0.749,3.36
Soybean,0.581,2.23
Soybean,0.58,2.59
Soybean,0.607,2.8
Soybean,0.747,3.29
Soybean,0.804,3.52
Soybean,0.768,4.0
Soybean,0.741,3.13
Soybean,0.636,2.99
Soybean,0.597,2.82
Soybean,0.652,2.75
Soybean,0.72,3.51
Soybean,0.775,3.57
Soybean,0.619,2.39
Soybean,0.797,3.67
Soybean,0.731,3.34
Soybean,0.683,3.06
Soybean,0.512,2.0
Soybean,0.639,2.77
Soybean,0.591,2.37
Soybean,0.697,3.33
Soybean,0.63,2.7
Soybean,0.704,3.03
Soybean,0.792,3.76
Soybean,0.523,2.0
Soybean,0.75,3.61
Soybean,0.662,2.9
Soybean,0.833,3.75
Soybean,0.632,2.53
Soybean,0.763,3.57
Soybean,0.64,2.9
Soybean,0.612,2.45
Soybean,0.679,2.92
Soybean,0.799,3.74
Soybean,0.658,3.12
Soybean,0.769,3.66
Soybean,0.8,3.57
Soybean,0.527,2.13
Soybean,0.724,3.11
Soybean,0.626,2.54
Soybean,0.832,3.76
Soybean,0.602,2.69
Soybean,0.79,3.67
Soybean,0.584,2.38
Soybean,0.816,4.0
Soybean,0.686,3.05
Soybean,0.767,3.73
Soybean,0.592,2.49
Soybean,0.573,2.03
Soybean,0.843,4.0
Soybean,0.593,2.39
Soybean,0.774,3.28
Soybean,0.566,2.2
Soybean,0.687,3.11
Soybean,0.794,3.98
Soybean,0.753,3.27
Soybean,0.687,3.12
Soybean,0.621,2.83
Soybean,0.735,3.57
Soybean,0.697,2.79
Soybean,0.641,2.74
Soybean,0.587,2.89
Soybean,0.847,4.0
Soybean,0.679,3.03
Soybean,0.688,2.89
Soybean,0.653,2.64
Soybean,0.806,3.43
Soybean,0.767,3.4
Soybean,0.518,2.0
Soybean,0.519,2.1
Soybean,0.789,3.63
Soybean,0.622,3.04
Soybean,0.606,2.69
Soybean,0.512,2.0
Soybean,0.729,3.11
Soybean,0.602,2.47
Soybean,0.703,3.17
Soybean,0.801,3.73
Soybean,0.663,2.79
Soybean,0.828,4.0
Soybean,0.687,3.21
Soybean,0.598,2.68
Soybean,0.654,2.63
Soybean,0.816,3.7
Soybean,0.849,4.0
Soybean,0.636,2.7
Soybean,0.82,4.0
Soybean,0.624,2.58
Soybean,0.665,2.96
Soybean,0.547,2.0
Soybean,0.823,3.74
Soybean,0.679,3.33
Soybean,0.72,3.13
Soybean,0.502,2.04
Soybean,0.605,2.62
Soybean,0.619,2.46
Soybean,0.842,4.0
Soybean,0.779,3.3
Soybean,0.792,3.65
Soybean,0.769,3.48
Soybean,0.566,2.76
Soybean,0.785,3.79
Soybean,0.681,2.97
Soybean,0.741,3.4
Soybean,0.618,2.61
Soybean,0.795,3.45
Soybean,0.576,2.28
Soybean,0.538,2.35
Soybean,0.579,2.57
Soybean,0.651,2.95
Soybean,0.73,3.21
Soybean,0.645,2.68
Soybean,0.673,2.96
Soybean,0.673,3.18
Soybean,0.841,4.0
Soybean,0.824,3.54
Soybean,0.74,3.75
Soybean,0.583,2.12
Soybean,0.608,2.67
Soybean,0.828,3.92
Soybean,0.84,4.0
Soybean,0.561,2.35
Soybean,0.76,3.34
Soybean,0.729,3.87
Soybean,0.831,3.77
Soybean,0.752,3.4
Soybean,0.581,2.27
Soybean,0.809,3.62
Soybean,0.839,3.81
Soybean,0.78,3.49
Soybean,0.816,3.47
Soybean,0.815,3.75
Soybean,0.545,2.66
Soybean,0.533,2.0
Soybean,0.543,2.13
Soybean,0.644,2.71
Soybean,0.656,2.8
Soybean,0.822,3.99
Soybean,0.678,2.91
Soybean,0.823,4.0
Soybean,0.649,2.9
Soybean,0.663,3.0
Soybean,0.542,2.02
Soybean,0.565,2.23
Soybean,0.703,3.07
Soybean,0.717,3.32
Soybean,0.666,2.86
Soybean,0.687,3.24
Soybean,0.63,2.1
Soybean,0.668,3.04
Soybean,0.524,2.27
Soybean,0.674,2.97
Soybean,0.551,2.5
Soybean,0.653,3.15
Soybean,0.754,3.71
Soybean,0.501,2.0
Soybean,0.674,2.99
Soybean,0.827,4.0
Soybean,0.63,2.77
Soybean,0.594,2.31
Soybean,0.544,2.25
Soybean,0.68,3.05
Soybean,0.685,2.94
Soybean,0.575,2.26
Soybean,0.639,2.91
Soybean,0.772,3.45
Soybean,0.811,3.74
Soybean,0.572,2.4
Soybean,0.75,3.54
Soybean,0.586,2.74
Soybean,0.591,2.63
Soybean,0.784,3.85
Soybean,0.562,2.43
Soybean,0.613,2.59
Soybean,0.725,3.12
Soybean,0.643,2.93
Soybean,0.516,2.2
Soybean,0.673,2.9
Soybean,0.516,2.08
Soybean,0.781,3.42
Soybean,0.839,3.91
Soybean,0.502,2.71
Soybean,0.5,2.0
Soybean,0.763,3.7
Soybean,0.583,2.28
Soybean,0.839,3.77
Soybean,0.845,4.0
Soybean,0.726,3.23
Soybean,0.55,2.34
Soybean,0.564,2.0
Soybean,0.698,3.2
Soybean,0.756,3.55
Soybean,0.591,2.85
Soybean,0.67,2.24
Soybean,0.57,2.52
Soybean,0.775,3.53
Soybean,0.589,2.59
Soybean,0.84,3.78
Soybean,0.697,3.34
Soybean,0.806,3.72
Soybean,0.588,2.48
Soybean,0.555,2.0
Soybean,0.592,2.54
Soybean,0.575,2.36
Soybean,0.591,2.3
Soybean,0.736,3.29
Soybean,0.734,3.37
Soybean,0.583,2.17
Soybean,0.534,2.3
Soybean,0.782,3.64
Soybean,0.77,3.62
Soybean,0.772,3.52
Soybean,0.722,3.22
Soybean,0.758,3.2
Soybean,0.692,3.08
Soybean,0.775,3.26
Soybean,0.65,3.05
Soybean,0.743,3.21
Soybean,0.57,2.39
Soybean,0.638,2.67
Soybean,0.609,2.53
Soybean,0.522,2.05
Soybean,0.833,4.0
Soybean,0.613,2.68
Soybean,0.679,2.92
Soybean,0.684,2.87
Soybean,0.845,4.0
Soybean,0.668,2.9
Soybean,0.846,3.97
Soybean,0.74,3.18
Soybean,0.814,3.94
Soybean,0.681,2.84
Soybean,0.827,3.89
Soybean,0.501,2.0
Soybean,0.835,4.0
Soybean,0.695,2.98
Soybean,0.785,3.33
Soybean,0.705,3.17
Soybean,0.619,2.39
Soybean,0.784,3.32
Soybean,0.749,3.43
Soybean,0.588,2.29
Soybean,0.714,3.09
Soybean,0.642,3.07
Soybean,0.72,2.86
Soybean,0.725,3.23
Soybean,0.786,3.65
Soybean,0.566,2.57
Soybean,0.656,3.03
Soybean,0.819,3.62
Soybean,0.816,4.0
Soybean,0.559,2.33
Soybean,0.698,3.04
Soybean,0.839,3.76
Soybean,0.815,3.38
Soybean,0.73,3.41
Soybean,0.601,2.47
Soybean,0.587,2.68
Soybean,0.614,2.77
Soybean,0.848,4.0
Soybean,0.535,2.01
Soybean,0.632,3.08
Soybean,0.841,3.97
Soybean,0.695,2.87
Soybean,0.673,3.14
Soybean,0.653,2.96
Soybean,0.662,2.54
Soybean,0.531,2.2
Soybean,0.589,2.24
Soybean,0.677,2.79
Soybean,0.708,3.2
Soybean,0.792,3.33
Soybean,0.831,3.86
Soybean,0.564,2.05
Soybean,0.546,2.19
Soybean,0.725,3.06
Soybean,0.727,3.46
Soybean,0.751,3.47
Soybean,0.738,3.35
Soybean,0.599,2.92
Soybean,0.777,3.71
Soybean,0.564,2.41
Soybean,0.611,2.74
Soybean,0.636,2.86
Soybean,0.593,2.35
Soybean,0.649,2.97
Soybean,0.843,3.94
Soybean,0.517,2.06
Soybean,0.792,3.65
Soybean,0.777,3.62
Soybean,0.795,3.65
Soybean,0.598,2.31
Soybean,0.623,2.96
Soybean,0.632,2.63
Soybean,0.747,3.63
Soybean,0.585,2.19
Soybean,0.516,2.08
Soybean,0.733,3.54
Soybean,0.664,2.69
Soybean,0.562,2.68
Soybean,0.775,3.48
Soybean,0.517,2.0
Soybean,0.651,2.72
Soybean,0.739,3.44
Soybean,0.689,2.97
Soybean,0.713,3.12
Soybean,0.699,3.12
Soybean,0.789,3.51
Soybean,0.543,2.49
Soybean,0.68,3.11
Soybean,0.595,2.56
Soybean,0.837,3.93
Soybean,0.639,2.69
Soybean,0.807,3.75
Soybean,0.792,3.49
Soybean,0.808,3.75
Soybean,0.613,2.65
Soybean,0.53,2.13
Soybean,0.562,2.2
Soybean,0.57,2.61
Soybean,0.796,3.77
Soybean,0.837,3.89
Soybean,0.617,2.68
Soybean,0.79,3.91
Soybean,0.511,2.0
Soybean,0.501,2.0
Soybean,0.722,2.93
Soybean,0.799,3.62
Soybean,0.634,2.81
Soybean,0.504,2.0
Soybean,0.651,2.97
Soybean,0.587,2.4
Soybean,0.557,2.21
Soybean,0.674,3.19
Soybean,0.551,2.0
Soybean,0.543,2.31
Soybean,0.628,2.84
Soybean,0.751,3.3
Soybean,0.703,3.17
Soybean,0.605,2.58
Soybean,0.635,2.88
Soybean,0.611,2.4
Soybean,0.613,2.85
Soybean,0.824,3.65
Soybean,0.751,3.45
Soybean,0.785,3.28
Soybean,0.625,3.05
Soybean,0.602,2.5
Soybean,0.513,2.0
Soybean,0.535,2.33
Soybean,0.713,3.48
Soybean,0.761,3.35
Soybean,0.519,2.15
Soybean,0.71,2.94
Soybean,0.827,3.67
Soybean,0.512,2.3
Soybean,0.504,2.01
Soybean,0.64,2.33
Soybean,0.57,2.49
Soybean,0.83,3.72
Soybean,0.825,3.87
Soybean,0.747,2.98
Soybean,0.803,3.34
Soybean,0.772,3.5
Soybean,0.512,2.08
Soybean,0.691,3.51
Soybean,0.751,3.24
Soybean,0.505,2.22
Soybean,0.723,3.55
Soybean,0.648,3.06
Soybean,0.821,3.85
Soybean,0.525,2.03
Soybean,0.824,3.99
Soybean,0.763,3.26
Soybean,0.66,2.8
Soybean,0.703,2.99
Soybean,0.794,3.44
Soybean,0.761,3.7
Soybean,0.635,2.77
Soybean,0.58,2.67
Soybean,0.556,2.45
Soybean,0.525,2.0
Soybean,0.584,2.34
Soybean,0.838,4.0
Soybean,0.827,4.0
Soybean,0.637,2.69
Soybean,0.592,2.87
Soybean,0.819,3.92
Soybean,0.802,3.54
Soybean,0.754,3.16
Soybean,0.82,3.75
Soybean,0.756,3.76
Soybean,0.714,3.13
Soybean,0.592,2.32
Soybean,0.642,3.27
Soybean,0.789,3.79
Soybean,0.598,2.21
Soybean,0.83,4.0
Soybean,0.568,2.09
Soybean,0.833,3.83
Soybean,0.662,2.83
Soybean,0.582,2.34
Soybean,0.795,3.82
Soybean,0.527,2.08
Soybean,0.546,2.16
Soybean,0.714,3.28
Soybean,0.572,2.04
Soybean,0.824,3.75
Soybean,0.738,3.44
Soybean,0.686,3.16
Soybean,0.696,3.22
Soybean,0.66,2.88
Soybean,0.779,3.74
Soybean,0.805,4.0
Soybean,0.704,3.16
Soybean,0.548,2.53
Soybean,0.702,3.03
Soybean,0.713,2.99
Soybean,0.545,2.29
Soybean,0.552,2.0
Soybean,0.719,2.98
Soybean,0.576,2.24
Soybean,0.702,3.04
Soybean,0.704,2.77
Soybean,0.522,2.0
Soybean,0.502,2.08
Soybean,0.763,3.68
Soybean,0.558,2.21
Soybean,0.836,3.76
Soybean,0.596,2.7
Soybean,0.775,3.73
Soybean,0.594,2.93
Soybean,0.734,3.38
Soybean,0.771,3.48
Soybean,0.641,3.02
Soybean,0.535,2.04
Soybean,0.832,3.96
Soybean,0.842,3.88
Soybean,0.566,2.45
Soybean,0.586,2.64
Soybean,0.592,2.59
Soybean,0.726,3.26
Soybean,0.823,3.77
Soybean,0.505,2.36
Soybean,0.689,2.92
Soybean,0.806,3.63
Soybean,0.716,3.29
Soybean,0.729,3.3
Soybean,0.504,2.0
Soybean,0.735,3.9
Soybean,0.663,2.77
Soybean,0.738,2.88
Soybean,0.687,2.9
Soybean,0.547,2.27
Soybean,0.739,3.53
Soybean,0.595,2.8
Soybean,0.519,2.09
Soybean,0.726,3.35
Soybean,0.55,2.38
Soybean,0.818,3.66
Soybean,0.604,2.95
Soybean,0.61,2.65
Soybean,0.5,2.33
Soybean,0.645,2.73
Soybean,0.773,3.53
Soybean,0.689,2.85
Soybean,0.566,2.48
Soybean,0.695,3.02
Soybean,0.805,3.76
Soybean,0.569,2.97
Soybean,0.736,3.52
Soybean,0.675,3.11
Soybean,0.604,2.21
Soybean,0.772,3.86
Soybean,0.606,2.67
Soybean,0.8,3.84
Soybean,0.628,2.58
Soybean,0.675,2.63
Soybean,0.85,4.0
Soybean,0.72,3.34
Soybean,0.505,2.19
Soybean,0.794,3.91
Soybean,0.783,3.64
Soybean,0.704,3.25
Soybean,0.695,3.3
Soybean,0.744,3.95
Soybean,0.596,2.57
Soybean,0.845,3.99
Soybean,0.677,2.99
Soybean,0.814,4.0
Soybean,0.521,2.0
Soybean,0.619,2.54
Soybean,0.527,2.14
Soybean,0.52,2.0
Soybean,0.535,2.26
Soybean,0.685,3.3
Soybean,0.752,3.45
Soybean,0.542,2.28
Soybean,0.777,3.57
Soybean,0.504,2.06
Soybean,0.782,3.5
Soybean,0.691,3.24
Soybean,0.54,2.41
Soybean,0.735,3.37
Soybean,0.635,2.34
Soybean,0.725,3.48
Soybean,0.708,3.02
Soybean,0.687,3.17
Soybean,0.644,2.92
Soybean,0.706,3.14
Soybean,0.813,3.81
Soybean,0.717,3.26
Soybean,0.736,3.29
Soybean,0.535,2.32
Soybean,0.776,3.58
Soybean,0.815,3.76
Soybean,0.672,3.22
Soybean,0.786,3.74
Soybean,0.65,2.82
Soybean,0.731,3.43
Soybean,0.611,2.84
Soybean,0.592,2.64
Soybean,0.68,2.99
Soybean,0.577,2.32
Soybean,0.789,3.34
Soybean,0.589,2.58
Soybean,0.688,2.94
Soybean,0.736,3.57
Soybean,0.517,2.03
Soybean,0.717,3.39
Soybean,0.552,2.5
Soybean,0.713,3.17
Soybean,0.551,2.23
Soybean,0.709,3.27
Soybean,0.64,3.09
Soybean,0.69,3.04
Soybean,0.711,3.04
Soybean,0.543,2.28
Soybean,0.631,2.91
Soybean,0.531,2.29
Soybean,0.605,2.51
Soybean,0.713,3.35
Soybean,0.681,2.76
Soybean,0.747,3.33
Soybean,0.509,2.0
Soybean,0.796,3.19
Soybean,0.531,2.33
Soybean,0.814,3.76
Soybean,0.512,2.1
Soybean,0.674,3.42
Soybean,0.815,3.97
Soybean,0.652,2.5
Soybean,0.816,4.0
Soybean,0.838,4.0
Soybean,0.833,4.0
Soybean,0.776,3.37
Soybean,0.635,2.75
Soybean,0.601,2.59
Soybean,0.591,2.26
Soybean,0.749,3.48
Soybean,0.746,3.39
Soybean,0.562,2.22
Soybean,0.663,3.01
Soybean,0.612,2.53
Soybean,0.604,2.68
Soybean,0.563,2.26
Soybean,0.676,2.93
Soybean,0.588,2.27
Soybean,0.543,2.17
Soybean,0.606,2.42
Soybean,0.639,3.2
Soybean,0.528,2.0
Soybean,0.798,3.89
Soybean,0.645,2.84
Soybean,0.531,2.06
Soybean,0.753,3.41
Soybean,0.581,2.41
Soybean,0.548,2.44
Soybean,0.618,2.73
Soybean,0.509,2.0
Soybean,0.756,3.19
Soybean,0.516,2.07
Soybean,0.517,2.21
Soybean,0.674,3.04
Soybean,0.836,4.0
Soybean,0.792,3.45
Soybean,0.731,3.32
Soybean,0.63,2.91
Soybean,0.507,2.21
Soybean,0.616,2.44
Soybean,0.634,2.79
Soybean,0.617,2.69
Soybean,0.777,3.62
Soybean,0.644,2.65
Soybean,0.683,3.2
Soybean,0.568,2.51
Soybean,0.764,3.76
Soybean,0.513,2.0
Soybean,0.788,3.55
Soybean,0.81,3.79
Soybean,0.664,2.67
Soybean,0.506,2.19
Soybean,0.733,2.98
Soybean,0.805,3.6
Soybean,0.583,2.53
Soybean,0.848,3.99
Soybean,0.804,3.85
Soybean,0.706,3.52
Soybean,0.602,2.52
Soybean,0.574,2.21
Soybean,0.741,3.46
Soybean,0.723,3.5
Soybean,0.786,3.57
Soybean,0.528,2.47
Soybean,0.543,2.35
Soybean,0.537,2.28
Soybean,0.52,2.27
Soybean,0.538,2.0
Soybean,0.558,2.06
Soybean,0.705,2.91
Soybean,0.578,2.46
Soybean,0.746,3.52
Soybean,0.679,2.75
Soybean,0.702,3.07
Soybean,0.684,3.17
Soybean,0.766,3.49
Soybean,0.56,2.51
Soybean,0.731,3.33
Soybean,0.729,3.29
Soybean,0.519,2.32
Soybean,0.603,2.33
Soybean,0.544,2.28
Soybean,0.766,3.35
Soybean,0.528,2.14
Soybean,0.542,2.11
Soybean,0.738,3.43
Soybean,0.844,3.97
Soybean,0.693,3.21
Soybean,0.828,3.85
Soybean,0.615,2.56
Soybean,0.654,2.74
Soybean,0.511,2.48
Soybean,0.85,4.0
Soybean,0.664,2.9
Soybean,0.819,4.0
Soybean,0.76,3.24
Soybean,0.619,2.55
Soybean,0.754,3.47
Soybean,0.791,3.23
Soybean,0.661,2.65
Soybean,0.7,3.11
Soybean,0.66,2.85
Soybean,0.671,3.05
Soybean,0.702,3.13
Soybean,0.721,3.57
Soybean,0.623,2.95
Soybean,0.579,2.34
Soybean,0.536,2.24
Soybean,0.601,2.66
Soybean,0.536,2.34
Soybean,0.717,3.21
Soybean,0.552,2.43
Soybean,0.823,3.55
Soybean,0.795,3.5
Soybean,0.604,2.74
Soybean,0.762,3.49
Soybean,0.559,2.19
Soybean,0.619,2.74
Soybean,0.66,2.9
Soybean,0.802,3.73
Soybean,0.63,2.79
Soybean,0.516,2.26
Soybean,0.674,2.81
Soybean,0.835,3.87
Soybean,0.672,3.0
Soybean,0.717,3.68
Soybean,0.637,3.08
Soybean,0.806,3.82
Soybean,0.721,3.18
Soybean,0.83,4.0
Soybean,0.522,2.2
Soybean,0.657,2.75
Soybean,0.585,2.57
Soybean,0.587,2.69
Soybean,0.63,2.46
Soybean,0.598,2.76
Soybean,0.769,3.86
Soybean,0.594,2.94
Soybean,0.834,4.0
Soybean,0.62,2.63
Soybean,0.559,2.21
Soybean,0.78,3.87
Soybean,0.546,2.34
Soybean,0.527,2.34
Soybean,0.631,2.68
Soybean,0.539,2.22
Soybean,0.53,2.0
Soybean,0.649,2.71
Soybean,0.655,2.96
Soybean,0.578,2.62
Soybean,0.806,3.8
Soybean,0.71,3.14
Soybean,0.641,3.36
Soybean,0.531,2.01
Soybean,0.827,3.83
Soybean,0.649,2.82
Soybean,0.796,3.77
Soybean,0.699,2.81
